// Auto-generated model data from TFLite
// Source: handnet_int8.tflite
// Size: 19568 bytes

#include "handnet_model_data.h"

// Model data array
alignas(8) const unsigned char g_model[] = {
  0x20, 0x00, 0x00, 0x00, 0x54, 0x46, 0x4c, 0x33, 0x00, 0x00, 0x00, 0x00,

  0x14, 0x00, 0x20, 0x00, 0x1c, 0x00, 0x18, 0x00, 0x14, 0x00, 0x10, 0x00,

  0x0c, 0x00, 0x00, 0x00, 0x08, 0x00, 0x04, 0x00, 0x14, 0x00, 0x00, 0x00,

  0x1c, 0x00, 0x00, 0x00, 0x98, 0x00, 0x00, 0x00, 0xf0, 0x00, 0x00, 0x00,

  0x60, 0x37, 0x00, 0x00, 0x70, 0x37, 0x00, 0x00, 0xd8, 0x4b, 0x00, 0x00,

  0x03, 0x00, 0x00, 0x00, 0x01, 0x00, 0x00, 0x00, 0x10, 0x00, 0x00, 0x00,

  0x00, 0x00, 0x0a, 0x00, 0x10, 0x00, 0x0c, 0x00, 0x08, 0x00, 0x04, 0x00,

  0x0a, 0x00, 0x00, 0x00, 0x0c, 0x00, 0x00, 0x00, 0x1c, 0x00, 0x00, 0x00,

  0x3c, 0x00, 0x00, 0x00, 0x0f, 0x00, 0x00, 0x00, 0x73, 0x65, 0x72, 0x76,

  0x69, 0x6e, 0x67, 0x5f, 0x64, 0x65, 0x66, 0x61, 0x75, 0x6c, 0x74, 0x00,

  0x01, 0x00, 0x00, 0x00, 0x04, 0x00, 0x00, 0x00, 0x90, 0xff, 0xff, 0xff,

  0x10, 0x00, 0x00, 0x00, 0x04, 0x00, 0x00, 0x00, 0x08, 0x00, 0x00, 0x00,

  0x6f, 0x75, 0x74, 0x70, 0x75, 0x74, 0x5f, 0x30, 0x00, 0x00, 0x00, 0x00,

  0x01, 0x00, 0x00, 0x00, 0x04, 0x00, 0x00, 0x00, 0x36, 0xc9, 0xff, 0xff,

  0x04, 0x00, 0x00, 0x00, 0x0f, 0x00, 0x00, 0x00, 0x6b, 0x65, 0x72, 0x61,

  0x73, 0x5f, 0x74, 0x65, 0x6e, 0x73, 0x6f, 0x72, 0x5f, 0x38, 0x34, 0x00,

  0x02, 0x00, 0x00, 0x00, 0x34, 0x00, 0x00, 0x00, 0x04, 0x00, 0x00, 0x00,

  0xdc, 0xff, 0xff, 0xff, 0x13, 0x00, 0x00, 0x00, 0x04, 0x00, 0x00, 0x00,

  0x13, 0x00, 0x00, 0x00, 0x43, 0x4f, 0x4e, 0x56, 0x45, 0x52, 0x53, 0x49,

  0x4f, 0x4e, 0x5f, 0x4d, 0x45, 0x54, 0x41, 0x44, 0x41, 0x54, 0x41, 0x00,

  0x08, 0x00, 0x0c, 0x00, 0x08, 0x00, 0x04, 0x00, 0x08, 0x00, 0x00, 0x00,

  0x12, 0x00, 0x00, 0x00, 0x04, 0x00, 0x00, 0x00, 0x13, 0x00, 0x00, 0x00,

  0x6d, 0x69, 0x6e, 0x5f, 0x72, 0x75, 0x6e, 0x74, 0x69, 0x6d, 0x65, 0x5f,

  0x76, 0x65, 0x72, 0x73, 0x69, 0x6f, 0x6e, 0x00, 0x14, 0x00, 0x00, 0x00,

  0x6c, 0x36, 0x00, 0x00, 0x64, 0x36, 0x00, 0x00, 0x4c, 0x36, 0x00, 0x00,

  0x28, 0x36, 0x00, 0x00, 0x88, 0x35, 0x00, 0x00, 0xb8, 0x34, 0x00, 0x00,

  0x28, 0x0c, 0x00, 0x00, 0xb8, 0x0b, 0x00, 0x00, 0x88, 0x01, 0x00, 0x00,

  0x48, 0x01, 0x00, 0x00, 0xcc, 0x00, 0x00, 0x00, 0xc4, 0x00, 0x00, 0x00,

  0xbc, 0x00, 0x00, 0x00, 0xb4, 0x00, 0x00, 0x00, 0xac, 0x00, 0x00, 0x00,

  0xa4, 0x00, 0x00, 0x00, 0x9c, 0x00, 0x00, 0x00, 0x94, 0x00, 0x00, 0x00,

  0x74, 0x00, 0x00, 0x00, 0x04, 0x00, 0x00, 0x00, 0x02, 0xca, 0xff, 0xff,

  0x04, 0x00, 0x00, 0x00, 0x60, 0x00, 0x00, 0x00, 0x0c, 0x00, 0x00, 0x00,

  0x08, 0x00, 0x0e, 0x00, 0x08, 0x00, 0x04, 0x00, 0x08, 0x00, 0x00, 0x00,

  0x10, 0x00, 0x00, 0x00, 0x28, 0x00, 0x00, 0x00, 0x00, 0x00, 0x06, 0x00,

  0x08, 0x00, 0x04, 0x00, 0x06, 0x00, 0x00, 0x00, 0x04, 0x00, 0x00, 0x00,

  0x01, 0x00, 0x00, 0x00, 0xeb, 0x03, 0x00, 0x00, 0x0c, 0x00, 0x18, 0x00,

  0x14, 0x00, 0x10, 0x00, 0x0c, 0x00, 0x04, 0x00, 0x0c, 0x00, 0x00, 0x00,

  0xf1, 0x8f, 0x2f, 0x38, 0x7d, 0xca, 0x98, 0xcf, 0x01, 0x00, 0x00, 0x00,

  0x02, 0x00, 0x00, 0x00, 0x04, 0x00, 0x00, 0x00, 0x06, 0x00, 0x00, 0x00,

  0x32, 0x2e, 0x32, 0x30, 0x2e, 0x30, 0x00, 0x00, 0x6e, 0xca, 0xff, 0xff,

  0x04, 0x00, 0x00, 0x00, 0x10, 0x00, 0x00, 0x00, 0x31, 0x2e, 0x31, 0x34,

  0x2e, 0x30, 0x00, 0x00, 0x00, 0x00, 0x00, 0x00, 0x00, 0x00, 0x00, 0x00,

  0xc4, 0xb6, 0xff, 0xff, 0xc8, 0xb6, 0xff, 0xff, 0xcc, 0xb6, 0xff, 0xff,

  0xd0, 0xb6, 0xff, 0xff, 0xd4, 0xb6, 0xff, 0xff, 0xd8, 0xb6, 0xff, 0xff,

  0xdc, 0xb6, 0xff, 0xff, 0xa6, 0xca, 0xff, 0xff, 0x04, 0x00, 0x00, 0x00,

  0x6c, 0x00, 0x00, 0x00, 0x37, 0xf6, 0x81, 0xb4, 0x36, 0xa4, 0x6f, 0xcf,

  0xaf, 0x7c, 0x88, 0xc9, 0xec, 0x3a, 0xc4, 0x81, 0xd9, 0x64, 0x4a, 0xbf,

  0xe7, 0x7f, 0xbe, 0xe8, 0x0a, 0x58, 0xaf, 0xe0, 0xe9, 0x81, 0x72, 0x47,

  0x90, 0xba, 0xb0, 0x8f, 0x5b, 0x2c, 0x16, 0x7f, 0x42, 0xbb, 0x23, 0xf8,

  0x32, 0x3a, 0x9f, 0xf4, 0xf4, 0x5c, 0x57, 0x7f, 0x58, 0x2c, 0xac, 0x32,

  0xd1, 0x3c, 0x9d, 0x81, 0xd1, 0xad, 0xf7, 0x18, 0x6c, 0xe4, 0xeb, 0xf7,

  0x7f, 0x18, 0x10, 0x6a, 0x24, 0xd4, 0xdf, 0x13, 0x98, 0x47, 0x7f, 0x29,

  0x64, 0x9e, 0x12, 0xf0, 0x62, 0x3f, 0x81, 0x92, 0x2b, 0xaa, 0x7f, 0xac,

  0x42, 0xa6, 0xb1, 0x29, 0x54, 0xad, 0x64, 0x29, 0x81, 0x79, 0x4f, 0xdf,

  0xde, 0x5c, 0x26, 0x20, 0x1e, 0xcb, 0xff, 0xff, 0x04, 0x00, 0x00, 0x00,

  0x30, 0x00, 0x00, 0x00, 0x42, 0x5f, 0x00, 0x00, 0xd6, 0x3a, 0x00, 0x00,

  0xc7, 0xf0, 0xff, 0xff, 0x9e, 0x9d, 0x00, 0x00, 0xb1, 0x68, 0xff, 0xff,

  0x84, 0x5e, 0xff, 0xff, 0x1a, 0xa9, 0x00, 0x00, 0x11, 0x6c, 0xff, 0xff,

  0x11, 0xa8, 0xff, 0xff, 0x3f, 0x55, 0x00, 0x00, 0x56, 0xe2, 0xff, 0xff,

  0xcc, 0xa8, 0xff, 0xff, 0x5a, 0xcb, 0xff, 0xff, 0x04, 0x00, 0x00, 0x00,

  0x20, 0x0a, 0x00, 0x00, 0x04, 0x1c, 0xb1, 0x1b, 0x05, 0x94, 0x4e, 0x11,

  0x43, 0xe0, 0x28, 0x2c, 0xf5, 0x0b, 0x1c, 0xe9, 0x2e, 0x0d, 0x4b, 0x88,

  0x52, 0x09, 0xbd, 0xcb, 0x2d, 0x34, 0xd5, 0x3f, 0xc6, 0xa9, 0x3f, 0x96,

  0xa9, 0xda, 0x9a, 0xaf, 0x1d, 0x9f, 0xfc, 0x1c, 0x20, 0xd2, 0xd4, 0xed,

  0x95, 0x63, 0x34, 0x33, 0x3b, 0xab, 0xc4, 0x19, 0xf0, 0xc1, 0x50, 0x86,

  0x9f, 0x05, 0x23, 0x3b, 0xb7, 0xa6, 0x38, 0xc7, 0xd4, 0xb1, 0xac, 0xa6,

  0xe0, 0x1f, 0x0f, 0xc5, 0x9c, 0xb9, 0xca, 0xeb, 0x28, 0xc5, 0xf8, 0x99,

  0xd4, 0xa3, 0x11, 0x8b, 0x37, 0x47, 0xc3, 0xfc, 0xd2, 0x29, 0x26, 0xf7,

  0x4e, 0x31, 0x7f, 0x62, 0xa0, 0x4d, 0xc4, 0x10, 0xbb, 0x29, 0x40, 0x45,

  0xd1, 0x56, 0xe3, 0xa0, 0x3c, 0x99, 0x01, 0x34, 0xa2, 0x39, 0xc5, 0x46,

  0xdc, 0x00, 0x95, 0x10, 0xe3, 0xef, 0xc2, 0xe5, 0x45, 0xdd, 0xb3, 0xd4,

  0xc4, 0xf5, 0x16, 0x16, 0xe3, 0xdd, 0x26, 0x1f, 0x39, 0xd1, 0xe1, 0x50,

  0x63, 0x2f, 0xd5, 0x14, 0x95, 0x04, 0xa1, 0xf9, 0x62, 0x09, 0x0f, 0x96,

  0xa3, 0xcf, 0x06, 0x37, 0x53, 0x81, 0x1f, 0xf4, 0xbb, 0x01, 0xad, 0xf8,

  0xc4, 0x85, 0x4a, 0xc4, 0x3a, 0x83, 0x9f, 0xb1, 0x88, 0xee, 0xd8, 0xb8,

  0xaf, 0x68, 0xf1, 0x99, 0x83, 0x29, 0xed, 0xd3, 0x10, 0x1d, 0xde, 0x1d,

  0x51, 0xed, 0xdf, 0x52, 0x98, 0x1e, 0x03, 0xd2, 0x93, 0x43, 0x2e, 0x18,

  0x36, 0x4c, 0x59, 0x17, 0x84, 0xea, 0xdb, 0xf9, 0xed, 0xdc, 0x88, 0x3a,

  0xa3, 0xd9, 0x00, 0x30, 0x5e, 0x72, 0x28, 0x3e, 0x18, 0xb0, 0x33, 0x1d,

  0x57, 0xf7, 0x58, 0xf1, 0x5f, 0x22, 0x51, 0x69, 0x42, 0x3a, 0xbf, 0x35,

  0x5d, 0x18, 0x30, 0xb0, 0xd0, 0x1c, 0xbe, 0x09, 0x4d, 0xd4, 0xbe, 0xc4,

  0x7c, 0x29, 0xbd, 0x06, 0xe2, 0x11, 0x31, 0x08, 0x5b, 0xdf, 0xc4, 0xba,

  0xe8, 0xe4, 0xa3, 0x47, 0x26, 0x19, 0xed, 0x51, 0xab, 0x25, 0x52, 0x4f,

  0xc2, 0x48, 0xf9, 0x53, 0x59, 0x31, 0xbf, 0x79, 0xe4, 0x4f, 0x78, 0x04,

  0xf6, 0xb7, 0x1f, 0x42, 0xcc, 0xfb, 0xe1, 0x51, 0x17, 0x3f, 0x07, 0xc0,

  0xd1, 0xa0, 0xd6, 0x02, 0x26, 0x40, 0x6c, 0x85, 0xad, 0x53, 0x43, 0x66,

  0x02, 0x1a, 0x68, 0x5e, 0x60, 0xdf, 0x36, 0x51, 0x7f, 0xcc, 0xef, 0x4b,

  0x7b, 0x5c, 0x1d, 0x7a, 0x5d, 0x09, 0xbe, 0xd6, 0x37, 0xa3, 0xfe, 0x84,

  0xed, 0x22, 0x3d, 0x4b, 0xfc, 0x81, 0x3f, 0x38, 0xdc, 0x97, 0xff, 0xb5,

  0x08, 0x83, 0x3c, 0x3e, 0x1e, 0xd4, 0x3a, 0x5e, 0x4d, 0x2a, 0xae, 0xcc,

  0xf3, 0xb6, 0xa5, 0x34, 0xdf, 0x64, 0xc9, 0x4f, 0xd0, 0xe2, 0x67, 0x46,

  0xa7, 0xe2, 0xfb, 0x09, 0xad, 0xfe, 0xe1, 0xee, 0x0d, 0xb6, 0xa7, 0x9f,

  0xb9, 0x51, 0x10, 0x39, 0x10, 0x3c, 0x2b, 0xe5, 0xf5, 0xb9, 0xfa, 0xfa,

  0x8c, 0xb5, 0xb3, 0x05, 0x61, 0x14, 0x02, 0x29, 0x1b, 0xc1, 0xde, 0x0a,

  0xa4, 0x6e, 0xf6, 0x53, 0x1d, 0x17, 0xc4, 0x13, 0xbf, 0x32, 0xdf, 0xe6,

  0xc6, 0x23, 0x5f, 0x98, 0xa4, 0xb6, 0xa9, 0x3d, 0x9f, 0xc9, 0xf6, 0xf9,

  0x34, 0xcc, 0x4e, 0xca, 0xe8, 0xd3, 0xd0, 0x78, 0xfe, 0xda, 0x0b, 0x66,

  0xf7, 0xed, 0x18, 0x5f, 0xe2, 0xf5, 0x31, 0x4e, 0x1a, 0x56, 0x12, 0x13,

  0x47, 0xdc, 0x1c, 0xb6, 0xac, 0x56, 0xba, 0xb6, 0xf3, 0x4f, 0x46, 0x54,

  0xfd, 0x04, 0x63, 0xce, 0x02, 0xbd, 0xde, 0xd5, 0x2c, 0x12, 0x41, 0x5d,

  0xd1, 0xb9, 0xba, 0x46, 0x31, 0x53, 0xb0, 0xe6, 0x15, 0xfa, 0x23, 0x3d,

  0x22, 0xf1, 0xe2, 0x3b, 0xe1, 0xbd, 0x24, 0xf0, 0x07, 0x2e, 0x34, 0x47,

  0x3b, 0x01, 0x24, 0xc3, 0xc9, 0xf2, 0x0a, 0xfe, 0x1d, 0x7f, 0xc9, 0x1c,

  0x36, 0x06, 0x58, 0xe2, 0x17, 0x06, 0x4f, 0x36, 0x01, 0xc0, 0xca, 0xbc,

  0x24, 0x44, 0x0e, 0xc0, 0x22, 0xf2, 0xfc, 0xf4, 0x6d, 0x3b, 0x1b, 0x60,

  0xc5, 0xbe, 0x5e, 0x55, 0xc1, 0x48, 0xaf, 0xbb, 0xf7, 0xdd, 0xd9, 0xf7,

  0xfa, 0x47, 0xd1, 0x14, 0x22, 0xca, 0x2f, 0xce, 0xe9, 0xbc, 0x4c, 0xd6,

  0x44, 0x42, 0xae, 0x40, 0x16, 0x02, 0x57, 0xfa, 0x0c, 0xa2, 0xde, 0xba,

  0xd7, 0x81, 0xf4, 0xb0, 0x3d, 0xda, 0xf8, 0x0f, 0xb3, 0xe2, 0xc2, 0xf1,

  0xe0, 0xcc, 0x0f, 0x13, 0xb5, 0x33, 0x11, 0x1e, 0x6e, 0x23, 0x43, 0x27,

  0xe7, 0xda, 0x56, 0x3c, 0xea, 0x3b, 0xf4, 0x1d, 0xe3, 0x18, 0x99, 0x12,

  0xf2, 0x8c, 0xc7, 0x0a, 0xde, 0xfe, 0x94, 0xb4, 0x13, 0xd4, 0xfb, 0xde,

  0x21, 0x2d, 0x0e, 0xd9, 0xd6, 0x3f, 0x02, 0x06, 0x25, 0xbc, 0xd8, 0x42,

  0xdc, 0x06, 0xb9, 0xff, 0x04, 0xb8, 0xd8, 0x1e, 0x4a, 0x3d, 0x24, 0xfc,

  0xeb, 0x0a, 0xba, 0xa4, 0x11, 0x39, 0xf2, 0x97, 0xe4, 0x91, 0xb6, 0xfe,

  0x31, 0x08, 0xc0, 0xc2, 0xc8, 0xdf, 0x0c, 0x17, 0x8f, 0x96, 0x56, 0xb9,

  0x35, 0x1a, 0x97, 0xdc, 0xb9, 0x2e, 0x66, 0xd5, 0xe7, 0x1d, 0xdf, 0xa6,

  0x06, 0x08, 0x9d, 0xa3, 0x52, 0xde, 0x93, 0xf5, 0xf2, 0x00, 0xf8, 0xc7,

  0x21, 0x18, 0x44, 0x03, 0x10, 0x23, 0x24, 0x0a, 0xd2, 0x06, 0xb2, 0xb1,

  0xbf, 0xce, 0x02, 0x5c, 0x2c, 0xc3, 0x61, 0x5d, 0x0a, 0x92, 0xcf, 0x06,

  0xdc, 0xfb, 0x2b, 0x16, 0xff, 0xd6, 0x26, 0x81, 0x55, 0x11, 0xf4, 0xf1,

  0xf6, 0x43, 0xf4, 0x45, 0x51, 0xfb, 0x4d, 0xa3, 0xb6, 0xb8, 0xff, 0x17,

  0x23, 0xc3, 0xd6, 0xab, 0xc4, 0xae, 0x6c, 0xe8, 0x6a, 0x29, 0x16, 0x7d,

  0xa4, 0xd3, 0x36, 0xdf, 0x41, 0x78, 0xc9, 0xcf, 0x47, 0x23, 0x10, 0x3d,

  0xc7, 0xda, 0xde, 0x56, 0x36, 0xc4, 0x1a, 0xec, 0x9d, 0xfc, 0xf2, 0x9b,

  0xd7, 0xb4, 0x1a, 0xe7, 0xa2, 0x47, 0x45, 0xec, 0x19, 0x1e, 0x58, 0x14,

  0xd2, 0xf6, 0xf7, 0xb8, 0xb5, 0x29, 0x15, 0xb0, 0xa1, 0xce, 0x48, 0xed,

  0xfe, 0xf8, 0x41, 0x1e, 0xe6, 0x25, 0xef, 0x19, 0xb1, 0x1f, 0xf8, 0x1f,

  0x35, 0x06, 0xbd, 0xe9, 0xd1, 0xfb, 0xef, 0x15, 0xf6, 0xc4, 0x40, 0x3b,

  0x43, 0xfd, 0x25, 0x2c, 0xeb, 0x23, 0x81, 0x3a, 0x17, 0x9d, 0x0c, 0x33,

  0x89, 0x68, 0xa9, 0x1f, 0x9a, 0xda, 0xc3, 0xc5, 0x22, 0xef, 0x19, 0x23,

  0x17, 0x0c, 0xee, 0xf4, 0x2a, 0x1e, 0x53, 0xa9, 0x0e, 0x9d, 0xd4, 0xd6,

  0x51, 0x60, 0xa0, 0xb8, 0x4b, 0x2a, 0x3e, 0x19, 0x56, 0xb5, 0xa2, 0xa5,

  0x1f, 0x11, 0xe6, 0x39, 0xe8, 0x96, 0xb5, 0x96, 0x44, 0x3a, 0xff, 0xe3,

  0xfd, 0x06, 0xfa, 0xa3, 0x32, 0xdc, 0x99, 0x4e, 0x4a, 0xe9, 0xea, 0xb0,

  0xc5, 0x0e, 0x27, 0x24, 0xbe, 0xd5, 0x30, 0xd9, 0x0d, 0x40, 0x05, 0xbe,

  0xdd, 0xf5, 0xd5, 0xa8, 0xfe, 0xdb, 0x14, 0xc8, 0x3c, 0x1b, 0xb2, 0x13,

  0xe9, 0x6f, 0xdc, 0x52, 0x94, 0x29, 0xd0, 0x2a, 0xe3, 0xbd, 0xcc, 0x9f,

  0x99, 0x5a, 0x19, 0x34, 0x41, 0x9a, 0xf0, 0x8e, 0x15, 0xb0, 0x2f, 0xb5,

  0xd7, 0xdc, 0xdd, 0xc7, 0x92, 0x4d, 0x81, 0xc8, 0xa9, 0x0b, 0x9d, 0xe4,

  0x53, 0x9f, 0x31, 0x50, 0xb0, 0xfd, 0x9c, 0x2b, 0x3f, 0xaf, 0x34, 0xb9,

  0xa7, 0xe6, 0x14, 0x3e, 0x05, 0xac, 0xbb, 0x03, 0xd5, 0x41, 0x0e, 0x4c,

  0xce, 0xbe, 0x57, 0x2f, 0x00, 0x1a, 0xdd, 0x07, 0x0b, 0x1a, 0xc3, 0xdf,

  0xb6, 0x19, 0xcb, 0x4b, 0xb7, 0x25, 0x81, 0x47, 0x2a, 0xd1, 0x2c, 0x32,

  0xfe, 0x0b, 0xd2, 0x27, 0xcb, 0xe0, 0xd0, 0x0f, 0xfe, 0xe7, 0xdb, 0xf5,

  0x15, 0xbc, 0x19, 0xe9, 0xed, 0xde, 0xd7, 0xb6, 0xf0, 0x34, 0xe6, 0xeb,

  0x2f, 0x25, 0x4a, 0xbd, 0xd5, 0xba, 0xf3, 0xea, 0xf1, 0xca, 0xfa, 0x4e,

  0xef, 0x2a, 0x26, 0xf3, 0x0a, 0x27, 0xef, 0xb7, 0xcd, 0xc6, 0x28, 0xd9,

  0xfa, 0xaa, 0x26, 0xe5, 0x33, 0x41, 0x02, 0x28, 0x18, 0xe3, 0xd9, 0xdb,

  0xc1, 0xf7, 0x36, 0xf0, 0xf3, 0x1d, 0x0b, 0x47, 0xda, 0xcf, 0x2f, 0xd2,

  0xa6, 0xca, 0xc9, 0x0b, 0xd1, 0x29, 0xdd, 0x56, 0x98, 0xe0, 0x24, 0x46,

  0xba, 0xc7, 0x2d, 0x1f, 0xf5, 0xf1, 0xc3, 0xb1, 0x21, 0x23, 0x17, 0xb5,

  0x26, 0x22, 0x05, 0xd6, 0xfb, 0xf3, 0x58, 0x18, 0x12, 0xbb, 0x18, 0x4d,

  0x10, 0xa7, 0xcd, 0x27, 0x3a, 0x5b, 0xb1, 0x32, 0xac, 0xbb, 0x15, 0x31,

  0x13, 0xe5, 0x10, 0xe5, 0xae, 0xdc, 0xcf, 0xfb, 0xf4, 0xed, 0x2e, 0xed,

  0x12, 0xdb, 0x9a, 0xf2, 0xd5, 0xc4, 0x58, 0xc6, 0x50, 0x52, 0xa6, 0xf1,

  0x35, 0x21, 0xb2, 0xd2, 0x6c, 0x28, 0xc4, 0x7f, 0x1a, 0x10, 0xf1, 0xe6,

  0x11, 0x4e, 0x19, 0x17, 0xce, 0x59, 0x11, 0x2b, 0xd4, 0xa5, 0x01, 0xfe,

  0xb4, 0x0e, 0xde, 0x0c, 0x29, 0x22, 0x4a, 0x19, 0x1a, 0xf7, 0x9a, 0xc5,

  0xd7, 0xd2, 0xf8, 0x29, 0x06, 0x5d, 0x42, 0x69, 0x5b, 0x54, 0x11, 0xf0,

  0xcf, 0x3e, 0x87, 0x1a, 0xcb, 0xd8, 0xba, 0x22, 0xd7, 0x14, 0xfb, 0x88,

  0x38, 0x98, 0x3b, 0xb6, 0x35, 0x1d, 0x56, 0x4a, 0x4d, 0x99, 0xdb, 0x39,

  0xa9, 0x4b, 0x3c, 0xd3, 0xe9, 0xca, 0x29, 0xd2, 0x4d, 0x35, 0xd7, 0x4e,

  0x59, 0x12, 0xfd, 0x56, 0x4a, 0x50, 0x43, 0x97, 0xaf, 0x03, 0x5b, 0xc9,

  0x8c, 0xd3, 0x8e, 0x81, 0x1c, 0x30, 0x4a, 0xa7, 0xa8, 0x03, 0xc5, 0xfb,

  0x93, 0xf2, 0xf9, 0x2a, 0xaf, 0xd7, 0x56, 0xf9, 0xe1, 0x3f, 0xb3, 0x0d,

  0xdf, 0xc5, 0x1b, 0xb8, 0xe1, 0x1f, 0xd9, 0x35, 0xe4, 0x95, 0xf2, 0xaa,

  0xb5, 0x2d, 0x84, 0xb6, 0x33, 0xa8, 0xdf, 0x04, 0x85, 0x23, 0x6e, 0x02,

  0x45, 0x53, 0xbe, 0x89, 0x01, 0x22, 0x84, 0xff, 0x07, 0x69, 0x2d, 0x27,

  0xd2, 0x9a, 0xd3, 0xd3, 0x92, 0xdb, 0xe2, 0xbc, 0x52, 0x20, 0x56, 0xc4,

  0x56, 0xf3, 0x99, 0xb4, 0xb7, 0xb8, 0x08, 0x44, 0xb7, 0xe3, 0x30, 0x4e,

  0xd8, 0x0d, 0xb5, 0xbf, 0xed, 0x20, 0xe9, 0x3a, 0x16, 0xe5, 0xc2, 0x9f,

  0x8f, 0x1c, 0xcd, 0x99, 0x1f, 0x0f, 0x25, 0x39, 0xd4, 0xb8, 0x61, 0xe5,

  0x07, 0x5a, 0x43, 0x21, 0x33, 0xb4, 0x00, 0xb4, 0xa6, 0x95, 0xf7, 0xc9,

  0x21, 0x3a, 0xd5, 0x81, 0x51, 0x23, 0xc7, 0x9c, 0xda, 0xb5, 0xa9, 0x16,

  0xa7, 0x5d, 0xc6, 0xe1, 0x4f, 0xdb, 0x04, 0xcb, 0x41, 0x9a, 0xe3, 0xc1,

  0x05, 0x1c, 0x4e, 0x7a, 0xb9, 0xd1, 0x8e, 0x52, 0xe4, 0xad, 0xae, 0x36,

  0x0b, 0xf9, 0xee, 0x20, 0xbf, 0xf3, 0x3b, 0x5b, 0x59, 0xec, 0x56, 0x4f,

  0x15, 0xac, 0xb1, 0x50, 0x32, 0xe3, 0x3a, 0xaf, 0x2f, 0x31, 0xfe, 0x5f,

  0xe6, 0x02, 0xe7, 0x38, 0x07, 0xb7, 0x1c, 0x3f, 0x65, 0xe5, 0xc2, 0x5a,

  0xdb, 0xb5, 0x19, 0x5f, 0x3a, 0xe3, 0x0b, 0x62, 0xe8, 0x3a, 0xeb, 0x3a,

  0xca, 0x03, 0xbf, 0x2d, 0x02, 0x41, 0xbb, 0xfe, 0xd3, 0x21, 0xd2, 0x48,

  0x12, 0xa1, 0x1d, 0x4e, 0x37, 0x48, 0xf4, 0xe9, 0x2e, 0x67, 0x02, 0xba,

  0xdb, 0xcc, 0xd3, 0xe4, 0xb5, 0x34, 0x7f, 0x47, 0x22, 0xea, 0x0e, 0x64,

  0xcd, 0xf3, 0xf8, 0x3d, 0x60, 0x2f, 0xee, 0xca, 0x16, 0x72, 0x44, 0x1e,

  0x2a, 0xc0, 0x37, 0x2a, 0xdf, 0xcc, 0xb5, 0xfe, 0x17, 0xb3, 0x38, 0xf1,

  0xee, 0xe3, 0x19, 0x2b, 0x3f, 0xc8, 0x89, 0xf5, 0xc0, 0xdf, 0xa1, 0x3f,

  0xd9, 0xc7, 0x34, 0xf4, 0xc7, 0x19, 0xe4, 0x38, 0x19, 0xe3, 0xc0, 0xc7,

  0x2e, 0x43, 0xdf, 0xd1, 0xc7, 0x2a, 0x81, 0x11, 0x10, 0xc4, 0x6b, 0x12,

  0x0a, 0x16, 0x08, 0xa1, 0xb4, 0x0b, 0xb0, 0xbb, 0x33, 0xd4, 0x3e, 0xe9,

  0x29, 0xd8, 0xaf, 0xb6, 0xb2, 0x4f, 0x22, 0xc9, 0xac, 0x0b, 0x2b, 0xe3,

  0xc0, 0x04, 0xb8, 0x0f, 0x39, 0x2a, 0xf1, 0xb3, 0xc3, 0x3e, 0x35, 0x42,

  0xe3, 0xe3, 0x22, 0xa2, 0xfa, 0x51, 0x02, 0x09, 0x26, 0xf3, 0xf9, 0xae,

  0xbd, 0xc1, 0xd8, 0x01, 0x08, 0x20, 0x1b, 0x32, 0xd7, 0xb7, 0x1e, 0x35,

  0xf8, 0x3a, 0x58, 0x1b, 0xd9, 0xc5, 0x0a, 0x1f, 0xc4, 0xbe, 0xc9, 0xb2,

  0x42, 0xa5, 0x3f, 0xd3, 0xa3, 0xd9, 0x3d, 0x25, 0xb2, 0xe5, 0x29, 0x30,

  0x2c, 0x01, 0xf1, 0x0e, 0x23, 0xa3, 0xfc, 0x13, 0x0d, 0x9d, 0x4c, 0x09,

  0x2f, 0xab, 0xe8, 0x0b, 0xdb, 0xf4, 0x30, 0xf0, 0xb8, 0xfe, 0xe6, 0xbc,

  0x44, 0x43, 0x8f, 0x0d, 0x2d, 0xf6, 0x1b, 0x16, 0xc0, 0x41, 0x07, 0xa5,

  0xc5, 0x57, 0x7f, 0xe2, 0x2f, 0x4a, 0xeb, 0x46, 0xd2, 0xa7, 0xd8, 0xcc,

  0x8f, 0xe4, 0x08, 0xf9, 0xd4, 0x07, 0x40, 0xe9, 0xfc, 0xa1, 0xf9, 0xcb,

  0xe6, 0x3c, 0x8c, 0x09, 0xbe, 0xe2, 0x21, 0xce, 0x2c, 0x0d, 0xc7, 0x31,

  0xbe, 0x21, 0x25, 0x3b, 0x20, 0x01, 0xe7, 0x48, 0xf2, 0xf4, 0xed, 0xec,

  0xa2, 0x1f, 0x35, 0xda, 0xd1, 0xe1, 0x6a, 0xe3, 0xe9, 0x07, 0xf8, 0x00,

  0x20, 0x3a, 0xf9, 0x4b, 0x3f, 0xf1, 0x4e, 0x34, 0x4d, 0x00, 0x19, 0x33,

  0x46, 0xe9, 0xf5, 0xc5, 0xfa, 0x94, 0xed, 0xa5, 0x86, 0xc6, 0x1b, 0x18,

  0x36, 0xb9, 0x9d, 0xda, 0xbd, 0x03, 0x81, 0x46, 0xb1, 0xe8, 0x99, 0x5f,

  0x19, 0x10, 0x1b, 0xc5, 0x96, 0x2b, 0x37, 0xa6, 0x1d, 0x61, 0x12, 0xd4,

  0x0c, 0xd2, 0x3e, 0xee, 0xde, 0x4c, 0xbf, 0xcf, 0x1f, 0xc1, 0x17, 0x0f,

  0x9e, 0x9f, 0xfb, 0xaa, 0x34, 0x13, 0x90, 0x23, 0xfb, 0x02, 0xd9, 0x1c,

  0x5d, 0x57, 0x49, 0x98, 0x2d, 0x57, 0x46, 0xde, 0xe2, 0x1b, 0x15, 0x3f,

  0x36, 0x62, 0xf4, 0x09, 0x24, 0xe4, 0x20, 0x93, 0x5c, 0xe6, 0x1d, 0xd0,

  0xe9, 0x86, 0xef, 0xd3, 0x2e, 0xe0, 0x61, 0xee, 0x12, 0x17, 0x70, 0x6c,

  0x08, 0xeb, 0x40, 0x8c, 0xc9, 0x3e, 0x97, 0x2a, 0x24, 0x3a, 0x43, 0x1b,

  0xcf, 0x28, 0xcd, 0x27, 0xa8, 0xe3, 0xe9, 0xeb, 0xe5, 0xe9, 0x27, 0x0d,

  0x59, 0x0a, 0xf0, 0xef, 0x43, 0x18, 0x5a, 0xbd, 0xf6, 0xe5, 0x22, 0xe1,

  0x2e, 0x04, 0x2b, 0xce, 0xc7, 0xf6, 0x81, 0xb8, 0x2d, 0xc9, 0xc9, 0xff,

  0x96, 0x37, 0xee, 0xfd, 0xc9, 0xaa, 0x01, 0xf3, 0xc6, 0xba, 0x4c, 0x2d,

  0xec, 0x0a, 0xd8, 0x12, 0xd9, 0x10, 0x54, 0x2e, 0xf1, 0x49, 0xc3, 0xbb,

  0xe8, 0xe8, 0xf7, 0xd1, 0xcc, 0xe7, 0xf7, 0x0b, 0xd9, 0xaa, 0xff, 0xf7,

  0x15, 0xd2, 0xa2, 0xbe, 0x29, 0xcc, 0xfe, 0xda, 0xef, 0x01, 0x00, 0x26,

  0x14, 0xb8, 0xaa, 0x07, 0xc5, 0x21, 0x0d, 0xc4, 0x1e, 0x9d, 0x18, 0x07,

  0x2c, 0xdf, 0x30, 0xfd, 0xe7, 0x4b, 0x0c, 0x2e, 0x25, 0x43, 0x6e, 0xa7,

  0x33, 0x29, 0x21, 0x20, 0x9a, 0xae, 0xe7, 0x39, 0xd4, 0xe7, 0x13, 0x3c,

  0xc0, 0x99, 0xcd, 0xab, 0xec, 0xe5, 0x10, 0x30, 0x57, 0xf7, 0xb3, 0x2c,

  0xe9, 0x81, 0xd9, 0x1f, 0x48, 0xea, 0xd6, 0x47, 0xb9, 0x5d, 0xcd, 0x3f,

  0xcb, 0xb8, 0x9d, 0xdd, 0x4f, 0x33, 0xde, 0x35, 0x6e, 0x15, 0xdc, 0xc9,

  0xd6, 0x95, 0xeb, 0x0f, 0xff, 0x64, 0x27, 0xac, 0x3d, 0xbb, 0x2f, 0xf4,

  0xb3, 0x00, 0x5c, 0xec, 0xf1, 0x16, 0x03, 0xc2, 0x7a, 0x16, 0xd3, 0xd5,

  0x1f, 0x22, 0xe2, 0x02, 0x3e, 0x2f, 0xef, 0x08, 0x51, 0x65, 0xf6, 0xae,

  0xb4, 0x8d, 0x2c, 0x53, 0xc4, 0xe7, 0x36, 0x07, 0x3f, 0xc9, 0xe4, 0xe8,

  0x9a, 0x28, 0x0c, 0x15, 0x54, 0xb2, 0x5d, 0xfb, 0xef, 0x78, 0xeb, 0x11,

  0xf9, 0xd5, 0x22, 0x24, 0xe9, 0x12, 0x76, 0x55, 0xe6, 0x3d, 0x98, 0x95,

  0xd2, 0xb8, 0xfc, 0x57, 0xc0, 0x7f, 0x4d, 0x83, 0x60, 0xc1, 0x0a, 0xbb,

  0x2b, 0x06, 0x31, 0x95, 0x18, 0x12, 0xcd, 0xee, 0xb2, 0xbb, 0x99, 0x1e,

  0xd1, 0xeb, 0x03, 0x28, 0x17, 0x09, 0x04, 0x9c, 0x4e, 0x5f, 0xb9, 0xfe,

  0x30, 0x2a, 0x23, 0xb8, 0x4c, 0xf3, 0x51, 0xef, 0xf1, 0xfe, 0x22, 0x4b,

  0xb8, 0xa4, 0x23, 0xfa, 0x10, 0x56, 0x5c, 0xcc, 0xc3, 0xa3, 0x2e, 0x75,

  0xda, 0xa7, 0xe1, 0xa4, 0xd0, 0x62, 0x3c, 0xd2, 0x3e, 0x44, 0x8d, 0xb9,

  0x3d, 0x0e, 0x7d, 0xde, 0xd2, 0xae, 0x0d, 0x93, 0x14, 0x2b, 0x2e, 0x13,

  0xe9, 0xb9, 0xb0, 0xd0, 0xef, 0x0f, 0xfa, 0xec, 0xe9, 0x5a, 0x1b, 0x27,

  0x9f, 0x21, 0x19, 0xe5, 0xb5, 0xe2, 0x05, 0xb5, 0xac, 0xcf, 0xc8, 0xb6,

  0xec, 0xe7, 0xb7, 0x24, 0x2c, 0x2e, 0xe7, 0xb3, 0xf3, 0xdc, 0x19, 0x0a,

  0x5c, 0x14, 0x04, 0xc3, 0xed, 0x4b, 0xb2, 0xd2, 0x61, 0xb6, 0x56, 0x53,

  0x13, 0x69, 0xbc, 0xb0, 0x42, 0xb7, 0x14, 0xfc, 0x0d, 0x46, 0x65, 0xc4,

  0xd0, 0x55, 0xbe, 0xe1, 0xef, 0x2e, 0x50, 0xfd, 0x7f, 0x25, 0xac, 0x39,

  0xdf, 0xe9, 0xfa, 0xd2, 0x13, 0x2d, 0x45, 0xf4, 0x16, 0x28, 0x2a, 0x58,

  0x26, 0x0a, 0x2a, 0xf2, 0x36, 0x32, 0x71, 0xe6, 0x68, 0xb9, 0x50, 0xd2,

  0x22, 0x24, 0x4c, 0x6b, 0x45, 0x0e, 0x6e, 0x25, 0x14, 0xfa, 0x0c, 0x59,

  0x28, 0x30, 0xff, 0xbe, 0xd9, 0x1f, 0xb8, 0xaf, 0xf9, 0x3b, 0xf3, 0xae,

  0xf2, 0xd2, 0x1e, 0xde, 0xc0, 0x3c, 0xf5, 0x33, 0x0f, 0xa6, 0xe2, 0x0b,

  0xd0, 0x3b, 0x47, 0x1a, 0xa4, 0x19, 0x44, 0x39, 0xbc, 0xc6, 0xd0, 0x03,

  0x33, 0xb6, 0x2a, 0x36, 0x2b, 0x30, 0x45, 0x13, 0x2e, 0xf9, 0xde, 0x1a,

  0xc6, 0xae, 0xa9, 0x03, 0xcf, 0xb1, 0xd9, 0x38, 0x1b, 0xbb, 0x1d, 0xa5,

  0xa7, 0x12, 0xdf, 0xbd, 0x98, 0x15, 0xae, 0xb5, 0xc4, 0x3a, 0xa1, 0xfc,

  0x33, 0x19, 0xf3, 0x27, 0xf4, 0xfe, 0x5f, 0x0c, 0x5f, 0xba, 0xbd, 0x17,

  0x25, 0x0b, 0xe7, 0xb0, 0x05, 0x0f, 0xdc, 0xd0, 0xc0, 0x95, 0xb1, 0x02,

  0xf5, 0xe4, 0x33, 0xf3, 0x8d, 0x40, 0x48, 0x81, 0xed, 0x09, 0x1a, 0xbf,

  0xf7, 0x09, 0x0c, 0xd8, 0x2d, 0x38, 0x0c, 0x10, 0x4d, 0x9a, 0x2a, 0xf0,

  0x71, 0xd0, 0x81, 0x6c, 0x2c, 0x4a, 0x96, 0x8d, 0x44, 0xa4, 0xf8, 0xcf,

  0xf8, 0x1d, 0xa3, 0x9f, 0x89, 0xa3, 0xd3, 0xac, 0x52, 0xca, 0x03, 0x85,

  0xb5, 0x3f, 0xc8, 0x26, 0x9c, 0x54, 0x0d, 0x7b, 0x1d, 0x1e, 0xd4, 0xf3,

  0xf5, 0x98, 0x9d, 0x37, 0xde, 0x2a, 0xf1, 0x2f, 0xd8, 0x27, 0xaa, 0xa2,

  0xc8, 0xb4, 0x45, 0xf5, 0xe5, 0x2b, 0xc2, 0xfc, 0xeb, 0xa4, 0xd9, 0x5a,

  0x06, 0x95, 0x2c, 0xbd, 0xa4, 0x68, 0x72, 0xff, 0x60, 0xb9, 0xc0, 0x85,

  0x5f, 0xd1, 0xd1, 0x56, 0x3c, 0x45, 0x2e, 0xc9, 0xed, 0xd6, 0x15, 0xc4,

  0x06, 0x0b, 0xf0, 0x2e, 0x35, 0xd5, 0x06, 0x05, 0x5b, 0x38, 0x7b, 0xf0,

  0x9b, 0xff, 0x6c, 0xbd, 0xfd, 0xe9, 0xbd, 0xf8, 0x03, 0xc9, 0xc9, 0x42,

  0x9a, 0xa5, 0xcd, 0x99, 0x2a, 0xbb, 0xbd, 0x7f, 0xdd, 0x41, 0xe2, 0xf5,

  0xb4, 0xea, 0xc2, 0x12, 0xb0, 0xd2, 0xe9, 0xbf, 0x03, 0xa1, 0x58, 0x83,

  0xdc, 0x36, 0xc9, 0x29, 0xa7, 0x56, 0x3d, 0xa8, 0x2e, 0xcd, 0xe6, 0xd2,

  0x77, 0xe3, 0xbf, 0x34, 0x3e, 0xfd, 0xdc, 0xf0, 0x39, 0x7d, 0xb8, 0x6b,

  0xcf, 0xb4, 0xa7, 0x5c, 0xdd, 0x44, 0x22, 0x88, 0xb0, 0xfc, 0xa2, 0x55,

  0x52, 0x4a, 0xcb, 0xc8, 0x52, 0x1b, 0xdf, 0xc3, 0xef, 0xc0, 0xe4, 0xe9,

  0xdd, 0x62, 0xad, 0x1c, 0xca, 0xf8, 0x38, 0x42, 0xbe, 0x3f, 0xfb, 0xf5,

  0xe3, 0x22, 0xfb, 0x6c, 0xa9, 0xee, 0xba, 0x4a, 0xc1, 0xa1, 0xed, 0xd0,

  0x44, 0x04, 0xd6, 0xd2, 0x86, 0xd5, 0xff, 0xff, 0x04, 0x00, 0x00, 0x00,

  0x60, 0x00, 0x00, 0x00, 0x94, 0x6b, 0x00, 0x00, 0x42, 0x93, 0x00, 0x00,

  0x51, 0x0d, 0xff, 0xff, 0x97, 0x55, 0x00, 0x00, 0x2c, 0x7e, 0xff, 0xff,

  0x7d, 0x4c, 0x00, 0x00, 0xeb, 0x59, 0x00, 0x00, 0x9f, 0x27, 0x00, 0x00,

  0x99, 0x8b, 0x00, 0x00, 0x82, 0x46, 0x00, 0x00, 0x41, 0x17, 0x00, 0x00,

  0x4c, 0x35, 0x00, 0x00, 0xa0, 0x7b, 0x00, 0x00, 0x11, 0x85, 0xff, 0xff,

  0x98, 0x61, 0x00, 0x00, 0x97, 0x2f, 0x00, 0x00, 0xaa, 0x0f, 0x00, 0x00,

  0x39, 0x6b, 0x00, 0x00, 0xff, 0x02, 0x00, 0x00, 0x81, 0x09, 0x00, 0x00,

  0x30, 0x9c, 0xff, 0xff, 0x65, 0x86, 0x00, 0x00, 0xf2, 0x44, 0x00, 0x00,

  0x09, 0x73, 0x00, 0x00, 0xf2, 0xd5, 0xff, 0xff, 0x04, 0x00, 0x00, 0x00,

  0x80, 0x28, 0x00, 0x00, 0x4f, 0xbc, 0x40, 0x0d, 0x0c, 0x59, 0x0f, 0xce,

  0xfa, 0x01, 0x7d, 0x2c, 0xd2, 0x1e, 0xa2, 0xb1, 0x34, 0xf8, 0x30, 0xd7,

  0x05, 0x43, 0x30, 0xc2, 0x45, 0x28, 0x91, 0xbd, 0x8a, 0x00, 0x8d, 0x5d,

  0x43, 0xae, 0x10, 0x61, 0xf3, 0x43, 0xd3, 0x08, 0x5e, 0xd4, 0xf4, 0x5e,

  0xd7, 0xf2, 0x3a, 0x09, 0xbf, 0x02, 0x45, 0xe0, 0xd3, 0x4a, 0x15, 0xe7,

  0xce, 0xac, 0x23, 0x69, 0x90, 0xfe, 0x1d, 0x95, 0x37, 0x25, 0x0b, 0x4c,

  0x0f, 0x5d, 0x18, 0x81, 0x18, 0x00, 0x0d, 0x63, 0x20, 0x10, 0x23, 0x3e,

  0x28, 0x89, 0x32, 0xe7, 0xfb, 0xbe, 0xac, 0xde, 0x1d, 0xf1, 0xf8, 0xe2,

  0xdf, 0xd7, 0x35, 0xfd, 0x50, 0x9c, 0x07, 0x61, 0x12, 0x18, 0xec, 0x31,

  0xc8, 0xb2, 0x24, 0xfd, 0xd2, 0xe9, 0xd8, 0xe6, 0x0b, 0x1d, 0xfe, 0x23,

  0xda, 0x4b, 0x15, 0x2e, 0xed, 0x17, 0x9b, 0xe4, 0x9f, 0x35, 0x1d, 0x17,

  0xe3, 0x06, 0xf7, 0xd5, 0x40, 0x3f, 0x2b, 0xd5, 0xe0, 0x16, 0xff, 0x4e,

  0x11, 0xfd, 0x46, 0xc7, 0xce, 0x04, 0xc9, 0x14, 0xdc, 0x5d, 0xac, 0xcb,

  0x3b, 0xc3, 0x7a, 0xcf, 0xc8, 0xe7, 0xe4, 0xd6, 0x12, 0xf2, 0x32, 0x62,

  0x61, 0x3d, 0x36, 0xd2, 0x01, 0xb3, 0x9c, 0x21, 0xd2, 0x20, 0xab, 0x24,

  0xb9, 0xf4, 0x2a, 0x38, 0xd6, 0x26, 0xf3, 0xbd, 0xdd, 0x38, 0x3f, 0x44,

  0x0e, 0x58, 0xd9, 0xd0, 0xc2, 0x88, 0x3f, 0x45, 0x3e, 0xef, 0x2f, 0x0a,

  0x0b, 0xa5, 0x53, 0xd0, 0xf4, 0xdb, 0x06, 0xc5, 0x65, 0x5e, 0xf3, 0xce,

  0x2d, 0x38, 0x54, 0x16, 0xf6, 0x03, 0xd5, 0x6f, 0xcf, 0x37, 0xea, 0x17,

  0xc9, 0xa1, 0x12, 0x3e, 0xa8, 0xf2, 0xf9, 0xe8, 0xfd, 0xeb, 0x4c, 0x4a,

  0xfa, 0x62, 0x1a, 0x03, 0x24, 0xfb, 0x04, 0x40, 0xe5, 0x05, 0xad, 0xe9,

  0xbc, 0x14, 0x04, 0x2b, 0xcf, 0xd6, 0x14, 0xb8, 0x47, 0x01, 0x18, 0x19,

  0xd6, 0xf5, 0x42, 0xe9, 0xb3, 0xf5, 0xe3, 0xf1, 0xc8, 0x35, 0x18, 0x07,

  0x24, 0xde, 0x57, 0x13, 0x1c, 0xe5, 0xd0, 0xad, 0x24, 0x00, 0x26, 0x4d,

  0x26, 0xfe, 0x5e, 0xba, 0x1b, 0x03, 0xe5, 0x39, 0x1d, 0x27, 0x2f, 0x08,

  0x08, 0x01, 0x06, 0xeb, 0x33, 0x2a, 0x9a, 0xd7, 0x48, 0xff, 0x08, 0xd8,

  0x2c, 0xfd, 0xf1, 0xd7, 0x15, 0x13, 0x0b, 0x46, 0xcd, 0x3a, 0xcf, 0xe9,

  0xe8, 0xaa, 0x3a, 0xdf, 0x32, 0x42, 0x14, 0xfa, 0xcf, 0x21, 0x51, 0xfe,

  0xec, 0x21, 0x0a, 0x03, 0x53, 0xee, 0xe0, 0x1b, 0xed, 0xe2, 0xc0, 0x27,

  0xf7, 0xe3, 0x07, 0x14, 0x03, 0xe5, 0x39, 0xbe, 0x10, 0x13, 0x1b, 0x14,

  0xf9, 0xfb, 0x17, 0x14, 0x0b, 0xad, 0xeb, 0x50, 0x21, 0x2a, 0xd9, 0xe2,

  0x27, 0x9c, 0x7f, 0x16, 0xc2, 0xde, 0xad, 0x98, 0x24, 0x11, 0x41, 0x0c,

  0x13, 0x5b, 0x0a, 0xed, 0xb3, 0xbc, 0xf0, 0x15, 0xae, 0x23, 0xe2, 0xd6,

  0x0b, 0x1a, 0x38, 0xf9, 0x16, 0xee, 0x0e, 0xee, 0x14, 0x32, 0x36, 0x18,

  0x0d, 0x4e, 0xf6, 0xdc, 0x13, 0xec, 0xfb, 0x24, 0xe6, 0x32, 0xcc, 0x10,

  0x22, 0xa1, 0x3a, 0xf4, 0xb3, 0x33, 0xf4, 0xf3, 0xf7, 0x0f, 0x64, 0xf4,

  0x1f, 0x32, 0x2e, 0xdf, 0x14, 0x8d, 0xc2, 0x42, 0xed, 0x58, 0xfa, 0x36,

  0x19, 0x83, 0x7f, 0xf9, 0xa3, 0x41, 0xff, 0xd4, 0x53, 0x77, 0x47, 0xe7,

  0xd2, 0x0e, 0x62, 0xc7, 0x0f, 0x37, 0xd4, 0xdd, 0x13, 0xe3, 0xc4, 0x4e,

  0xd3, 0xba, 0xdb, 0x57, 0xb8, 0x0f, 0x2a, 0x21, 0xf6, 0x4f, 0x35, 0x24,

  0xa3, 0x06, 0x22, 0xe5, 0xbb, 0xe8, 0xc2, 0xf5, 0x89, 0x4c, 0xd8, 0x4b,

  0x24, 0xc4, 0xff, 0xf3, 0x0b, 0x29, 0x0a, 0xf3, 0x17, 0x20, 0x1c, 0x3d,

  0xe8, 0x2a, 0x4f, 0x05, 0xb4, 0xda, 0x42, 0x1f, 0xdb, 0x62, 0xf8, 0xe9,

  0x29, 0xd0, 0xfc, 0x54, 0x0e, 0xad, 0xb7, 0xf7, 0xe0, 0xdd, 0x14, 0xe5,

  0xdb, 0xe2, 0x11, 0xba, 0xdb, 0x0b, 0xb6, 0x1d, 0x43, 0x37, 0x1c, 0x5a,

  0xde, 0x95, 0x3d, 0x3e, 0xbd, 0xf8, 0xa5, 0x36, 0x12, 0x3c, 0x33, 0x2e,

  0xfb, 0x0a, 0x21, 0xe9, 0xed, 0x9a, 0x10, 0x3a, 0x09, 0xfb, 0xb8, 0x0c,

  0x17, 0x08, 0x3c, 0x5e, 0xf4, 0xb4, 0xdf, 0xa5, 0xea, 0x76, 0x6a, 0x69,

  0x1c, 0xe0, 0x2d, 0xd7, 0x17, 0xab, 0x15, 0x4c, 0xe2, 0xef, 0xf2, 0xf6,

  0x21, 0x0d, 0x0a, 0x0f, 0xd2, 0xc1, 0x17, 0x9c, 0xfb, 0xca, 0x49, 0x20,

  0x32, 0x26, 0x20, 0x00, 0x39, 0xa1, 0x55, 0xf2, 0xcf, 0x01, 0x11, 0xfb,

  0x05, 0xdf, 0x2a, 0x08, 0xe4, 0x1b, 0x03, 0xaa, 0xf9, 0x33, 0x70, 0xd2,

  0x4d, 0x14, 0x2b, 0x2a, 0xac, 0x98, 0xd8, 0x0f, 0xe7, 0x2b, 0xd5, 0x37,

  0xcd, 0xe3, 0x30, 0x2d, 0xdd, 0xef, 0x9a, 0x9b, 0x5e, 0x59, 0x2e, 0x40,

  0x0c, 0x6f, 0x15, 0x28, 0x35, 0xe5, 0xc5, 0x0e, 0xaf, 0x3c, 0xcc, 0xe0,

  0xff, 0xa2, 0x7f, 0x48, 0xf4, 0xe3, 0x84, 0xdb, 0x5d, 0x2a, 0x46, 0x59,

  0x13, 0xf5, 0xe7, 0xf8, 0xfc, 0xb9, 0xa7, 0x3f, 0xc6, 0x38, 0xfb, 0xfe,

  0x4e, 0xd0, 0xfd, 0x00, 0xd1, 0xee, 0x19, 0xdc, 0xe9, 0x30, 0x1d, 0x39,

  0xd6, 0xdb, 0x52, 0x9d, 0xce, 0xb3, 0xcc, 0x09, 0x2b, 0xd3, 0x07, 0x41,

  0xdf, 0xcb, 0xef, 0x4e, 0xee, 0x26, 0x23, 0xb9, 0x22, 0x25, 0x23, 0x0f,

  0x4c, 0x5e, 0x24, 0xa7, 0xf0, 0x0f, 0xdc, 0xdb, 0xe8, 0x6f, 0xc0, 0x19,

  0x28, 0xde, 0x5b, 0xec, 0x08, 0x19, 0xa7, 0xdb, 0xfd, 0xfc, 0x41, 0xdc,

  0x34, 0x11, 0x66, 0xca, 0xef, 0x0e, 0xb6, 0x5e, 0x9d, 0x23, 0xfd, 0xe2,

  0xd2, 0xca, 0x53, 0xcb, 0x25, 0x29, 0x04, 0x0b, 0xee, 0xf6, 0x2a, 0x1a,

  0xf4, 0x26, 0x06, 0xcf, 0x0b, 0xcb, 0x94, 0xd9, 0xe7, 0x2b, 0xb8, 0x3f,

  0x11, 0x01, 0x56, 0xd2, 0xce, 0x08, 0xf4, 0x27, 0x2a, 0x0a, 0x69, 0x62,

  0xf0, 0x47, 0x09, 0xf7, 0x41, 0xeb, 0x03, 0x35, 0x01, 0xf0, 0x04, 0x3f,

  0xbe, 0xfa, 0x60, 0xdf, 0xd5, 0xdb, 0xbb, 0xd7, 0x23, 0x3a, 0x59, 0xd1,

  0xeb, 0x3b, 0x3b, 0xf0, 0x21, 0xdd, 0x19, 0x5e, 0x2d, 0x35, 0xa1, 0xe5,

  0xb1, 0xc5, 0x00, 0xc3, 0x01, 0x26, 0xb9, 0xf6, 0x5b, 0xf4, 0x0c, 0x47,

  0x2c, 0x12, 0x1a, 0x13, 0x09, 0xab, 0x1e, 0x59, 0xde, 0x46, 0x15, 0xc4,

  0xe5, 0x88, 0xfc, 0xdf, 0xef, 0xb5, 0x0b, 0xea, 0xe5, 0x62, 0x5f, 0x37,

  0x02, 0x09, 0x6c, 0xf4, 0xce, 0x49, 0x14, 0xff, 0x4e, 0x1d, 0x31, 0xb0,

  0xba, 0x37, 0xfd, 0xfb, 0x6e, 0x73, 0x7a, 0xf3, 0x00, 0xc1, 0xee, 0x0c,

  0x20, 0x01, 0xd8, 0x81, 0x05, 0x2f, 0x26, 0x34, 0x44, 0xcc, 0xe9, 0x96,

  0xcb, 0x52, 0xe3, 0x1a, 0x44, 0xec, 0xd6, 0x45, 0xee, 0xe2, 0xd1, 0x17,

  0x09, 0xc2, 0xa3, 0x8a, 0x68, 0xe7, 0xd7, 0xff, 0xf3, 0x9e, 0xc9, 0xe1,

  0x18, 0xd7, 0xff, 0xa5, 0xcd, 0x22, 0x3b, 0x1f, 0xb3, 0xdb, 0x07, 0x08,

  0x3c, 0x01, 0x1a, 0x99, 0x12, 0x25, 0xb0, 0xf2, 0x5b, 0x0e, 0x13, 0xcd,

  0x2b, 0xdc, 0xc3, 0x11, 0x2d, 0x5a, 0x0f, 0xf9, 0xa3, 0xb8, 0xc6, 0xbe,

  0xb0, 0x27, 0xda, 0xa3, 0x44, 0x33, 0xee, 0x21, 0xe4, 0xd4, 0x66, 0xa4,

  0xe0, 0x2f, 0x3a, 0xf2, 0x18, 0x40, 0xcf, 0x2a, 0x42, 0x0e, 0x23, 0xbb,

  0xb8, 0x16, 0x00, 0xe2, 0x62, 0xe7, 0xaa, 0x49, 0x1c, 0x9c, 0xf6, 0xfc,

  0x34, 0x52, 0xc7, 0x15, 0x1e, 0x12, 0x3c, 0x1d, 0xcc, 0xab, 0x08, 0x27,

  0x1c, 0x07, 0xae, 0x1d, 0x10, 0x26, 0xa9, 0x10, 0xe1, 0xce, 0xdc, 0x01,

  0x1a, 0xc9, 0xd6, 0x0d, 0x4a, 0x4c, 0x28, 0x3b, 0xb8, 0x24, 0xc7, 0x3d,

  0xf4, 0x1d, 0xd5, 0x03, 0xf0, 0x31, 0xfd, 0x32, 0xf2, 0xc1, 0xd5, 0x2c,

  0xcc, 0x5d, 0xb9, 0xe5, 0xec, 0xd8, 0x18, 0x67, 0xd3, 0x1e, 0xa4, 0xdd,

  0xd0, 0xbd, 0xbd, 0xdc, 0x4d, 0x96, 0xe5, 0xc5, 0xfa, 0xda, 0x2b, 0x26,

  0xf2, 0x63, 0xf9, 0x1f, 0x55, 0x34, 0xd0, 0x17, 0x2e, 0xb1, 0x9d, 0x2f,

  0xfb, 0xce, 0xa7, 0x19, 0xea, 0x13, 0x0c, 0xf5, 0x4e, 0x81, 0xfc, 0x18,

  0x04, 0x3d, 0xfd, 0x0e, 0x61, 0x34, 0x1a, 0xdf, 0xd7, 0xc8, 0xde, 0x33,

  0xf6, 0xf2, 0xc1, 0xf4, 0x1d, 0x3c, 0x25, 0xd3, 0x2c, 0x0f, 0x3f, 0xd9,

  0x29, 0x13, 0xc6, 0x0b, 0x54, 0x10, 0x2f, 0xed, 0xd2, 0xd8, 0x20, 0x3b,

  0xe4, 0x24, 0xfe, 0x8e, 0xd4, 0xff, 0x34, 0xda, 0xed, 0xa5, 0x4c, 0xe3,

  0xc6, 0xe4, 0xc9, 0x29, 0x4f, 0x43, 0x10, 0xfe, 0xf6, 0x1b, 0xdc, 0x21,

  0xf1, 0xed, 0x99, 0x98, 0x28, 0x0d, 0xd9, 0x3f, 0x3d, 0x06, 0xf3, 0x21,

  0xbd, 0xd7, 0xbf, 0xcd, 0x3c, 0x10, 0x2f, 0x07, 0x21, 0xd5, 0xd3, 0x0e,

  0x07, 0xcb, 0xec, 0xe0, 0xdd, 0x01, 0xcb, 0x4d, 0x08, 0xcf, 0x43, 0x07,

  0xce, 0x07, 0x17, 0xc9, 0x13, 0x36, 0x19, 0xfe, 0xe9, 0x06, 0xe7, 0x27,

  0x2f, 0xc2, 0xeb, 0xbb, 0x43, 0xef, 0xb7, 0x20, 0xae, 0xc7, 0x47, 0xe7,

  0x23, 0x27, 0x00, 0x3e, 0x19, 0x2e, 0x23, 0x17, 0xf2, 0xae, 0xd6, 0xd1,

  0xeb, 0xcf, 0xce, 0xb8, 0x20, 0x0b, 0xf7, 0x58, 0xc7, 0x07, 0x4a, 0xd1,

  0x1c, 0x2c, 0xfc, 0xf4, 0x35, 0x42, 0xea, 0xde, 0xe3, 0xea, 0xd9, 0xcb,

  0xbc, 0x2f, 0xb1, 0x4b, 0xe6, 0xf1, 0xb9, 0xe4, 0xb2, 0xee, 0x4f, 0x07,

  0xf0, 0x27, 0xd3, 0xf7, 0x08, 0x38, 0xf4, 0x4b, 0x34, 0xc0, 0xcb, 0xe7,

  0xec, 0x22, 0xde, 0xcb, 0x5c, 0x2b, 0x06, 0x49, 0x12, 0x2a, 0xee, 0x1e,

  0x4c, 0x2a, 0xfa, 0xed, 0xf5, 0x21, 0x0b, 0xd6, 0xfa, 0xc3, 0xd8, 0xbe,

  0xe3, 0xd8, 0x01, 0x30, 0x3d, 0x28, 0x04, 0xf3, 0xa6, 0xa7, 0x11, 0xaa,

  0x32, 0xf1, 0x22, 0xab, 0xfc, 0x3b, 0xd2, 0xc9, 0xdd, 0x27, 0x02, 0xe8,

  0xc3, 0xf7, 0x4b, 0xe4, 0x9e, 0xf6, 0x03, 0xd1, 0xbd, 0x0f, 0xea, 0x27,

  0x14, 0xd8, 0xfd, 0x3c, 0x2b, 0xd9, 0xa9, 0x11, 0xd1, 0x39, 0xe5, 0xd2,

  0xcd, 0xca, 0xdb, 0xd8, 0x12, 0x2e, 0xda, 0x1e, 0xe6, 0xc7, 0xf3, 0xbd,

  0x56, 0x62, 0x23, 0x29, 0xbf, 0xc5, 0x26, 0x03, 0xb7, 0x2d, 0xff, 0x30,

  0x34, 0x0e, 0x10, 0x50, 0xbb, 0x16, 0xec, 0xe5, 0x11, 0x04, 0xd6, 0x0a,

  0x0f, 0xce, 0xdc, 0x4a, 0xee, 0xb1, 0x0f, 0xaf, 0xec, 0xf0, 0xe7, 0xc2,

  0xc7, 0x6e, 0xd6, 0x38, 0xda, 0x2d, 0xac, 0x98, 0x19, 0x86, 0xb0, 0x16,

  0xd5, 0x07, 0xe5, 0x23, 0xaf, 0xad, 0xe6, 0x03, 0xe8, 0x09, 0x32, 0x31,

  0x24, 0x38, 0xc3, 0xd0, 0xd9, 0x41, 0x38, 0xd0, 0xd8, 0x26, 0xb0, 0xed,

  0x2d, 0x1a, 0xca, 0xe4, 0xc6, 0xc0, 0xf4, 0xb4, 0x9c, 0x15, 0x1c, 0xd0,

  0x0e, 0x58, 0xa3, 0xe4, 0xe7, 0xd1, 0x37, 0x21, 0xfa, 0xfe, 0xbf, 0xb1,

  0xd5, 0x05, 0xe0, 0x24, 0x31, 0x1b, 0xad, 0x03, 0x33, 0xfd, 0x22, 0x29,

  0xdc, 0x42, 0xc2, 0x7f, 0xeb, 0x22, 0x2d, 0x1e, 0x8c, 0xae, 0x8f, 0xf0,

  0x53, 0x0e, 0xd9, 0xa9, 0xd7, 0x16, 0xab, 0x33, 0xe9, 0x36, 0xca, 0x14,

  0xd7, 0x55, 0xf8, 0xd5, 0xc5, 0x25, 0xf5, 0x2e, 0xfa, 0xf7, 0x9f, 0xe3,

  0x11, 0xdb, 0x30, 0xaf, 0x2a, 0xfe, 0x0c, 0x2c, 0x2a, 0xda, 0xf7, 0xa9,

  0xcd, 0xec, 0x36, 0xf8, 0xf3, 0xcf, 0xe8, 0xee, 0x31, 0x73, 0xd3, 0xf6,

  0x18, 0xc1, 0x27, 0x2b, 0xa3, 0xe7, 0xf3, 0xa2, 0xf1, 0x32, 0x39, 0x2c,

  0x17, 0xf5, 0x08, 0xd1, 0x02, 0x03, 0x0a, 0x0c, 0xa1, 0xf4, 0xd1, 0x22,

  0xfb, 0x12, 0x3a, 0x04, 0xdb, 0xb9, 0xe3, 0x0f, 0xcb, 0x3c, 0x09, 0x1b,

  0xf2, 0x3a, 0x3f, 0xd4, 0xc4, 0x22, 0xc2, 0xe5, 0x0f, 0x00, 0x0c, 0x0a,

  0x1a, 0xcb, 0x46, 0xfd, 0xd7, 0x16, 0x30, 0x02, 0x1c, 0x35, 0x57, 0x2d,

  0x5b, 0x16, 0xfc, 0xef, 0xf1, 0xdd, 0x13, 0xed, 0xb8, 0x08, 0xe8, 0x7f,

  0xda, 0x01, 0x36, 0xd5, 0x33, 0xd4, 0xe6, 0xcc, 0x31, 0xd5, 0x11, 0x23,

  0x1f, 0xf4, 0x1a, 0x0b, 0x0a, 0x05, 0xb5, 0xab, 0x1e, 0x41, 0x30, 0x0d,

  0xe2, 0xdb, 0x2e, 0x30, 0x2b, 0x40, 0xc6, 0x19, 0xe0, 0x17, 0x3d, 0x20,

  0xd5, 0xd7, 0x00, 0xbc, 0xaf, 0xb3, 0x24, 0x01, 0xf8, 0xf8, 0xbd, 0x54,

  0xee, 0x0f, 0xed, 0x00, 0x12, 0x03, 0x12, 0xf8, 0xec, 0x22, 0x13, 0x4f,

  0x19, 0x3e, 0x4a, 0x26, 0xe0, 0xc9, 0xc2, 0xfa, 0xc3, 0xe4, 0xe6, 0x26,

  0xbc, 0xc9, 0x0d, 0x3d, 0x1f, 0xe2, 0xe2, 0x18, 0x2a, 0x3e, 0xf8, 0x56,

  0x4a, 0xf2, 0x69, 0x1e, 0xd6, 0xf8, 0x1e, 0xb5, 0xd1, 0x19, 0x26, 0x2a,

  0x08, 0xd3, 0x1e, 0x42, 0xc8, 0x1e, 0xf4, 0xb2, 0x58, 0x23, 0x15, 0xe0,

  0x42, 0x14, 0x12, 0x02, 0x1b, 0xeb, 0xc1, 0x22, 0xdf, 0x37, 0xb3, 0xce,

  0x03, 0xf2, 0x17, 0x2e, 0x9e, 0xe4, 0xbc, 0x8d, 0xe6, 0x48, 0xf5, 0x14,

  0x5a, 0x12, 0x52, 0xd4, 0xf5, 0x14, 0xed, 0x22, 0x31, 0x23, 0x9f, 0xf5,

  0xee, 0x98, 0x66, 0x2e, 0xd5, 0xe7, 0xb6, 0x14, 0xdb, 0xfa, 0x29, 0x1a,

  0xe1, 0x32, 0x70, 0xd0, 0xb1, 0xa6, 0x04, 0x65, 0x0e, 0x22, 0x07, 0x2c,

  0xe4, 0xdb, 0x21, 0x0e, 0x17, 0xc1, 0xcf, 0xb0, 0x1b, 0xe6, 0x5e, 0xc8,

  0xb5, 0x5d, 0x27, 0x19, 0xa3, 0xb3, 0x0e, 0x68, 0xce, 0xf6, 0xfd, 0x04,

  0xc1, 0xe8, 0xd9, 0x1b, 0x11, 0x3a, 0xa7, 0x1f, 0x38, 0x4c, 0x37, 0x32,

  0xf2, 0x2e, 0x5c, 0xd1, 0x00, 0x1c, 0x25, 0x43, 0xef, 0x40, 0x2a, 0x46,

  0x18, 0xd0, 0x5c, 0x4f, 0x06, 0xd9, 0xc7, 0xad, 0x5b, 0xfe, 0x56, 0xec,

  0xbe, 0x1f, 0xca, 0x2d, 0x41, 0xd2, 0x13, 0x14, 0x43, 0x0c, 0xfd, 0x41,

  0x1d, 0xbc, 0x08, 0x28, 0x26, 0xd9, 0xac, 0xd6, 0x23, 0xef, 0xf9, 0xfa,

  0xbf, 0x38, 0xed, 0x10, 0x15, 0x13, 0x81, 0xe6, 0xcf, 0x3f, 0x08, 0xcb,

  0x08, 0xfc, 0x21, 0x67, 0xdf, 0xf2, 0x1b, 0xf5, 0xff, 0x1e, 0x67, 0x27,

  0xe6, 0x39, 0x06, 0xb5, 0xb9, 0x97, 0xe4, 0x02, 0xc7, 0x21, 0x07, 0x2a,

  0xd2, 0xd7, 0x4b, 0x07, 0x10, 0xc0, 0xa8, 0xf6, 0x3c, 0xd6, 0x75, 0x19,

  0x39, 0x49, 0x2f, 0xc9, 0xdb, 0xa2, 0x0d, 0x11, 0xc1, 0x54, 0xe5, 0xa0,

  0x16, 0x8f, 0x12, 0x11, 0x33, 0xea, 0x14, 0xd8, 0x1a, 0x31, 0x6c, 0x3e,

  0x0b, 0xfb, 0x29, 0xaf, 0xf1, 0x9c, 0xc8, 0xcd, 0x21, 0x38, 0xba, 0x2b,

  0xe8, 0xda, 0x53, 0x3c, 0xf2, 0xf8, 0xea, 0xe7, 0x57, 0x45, 0x38, 0x62,

  0x37, 0xe2, 0x0d, 0xe2, 0xda, 0x8d, 0x38, 0xe0, 0xe3, 0x05, 0xb9, 0x67,

  0x29, 0x06, 0x30, 0xc7, 0x8f, 0x13, 0xfa, 0xe4, 0x0f, 0xd8, 0xb0, 0x3b,

  0x20, 0x6b, 0x2c, 0x29, 0xf9, 0xad, 0xf8, 0xf3, 0xef, 0x19, 0xf4, 0x1e,

  0x3c, 0xf8, 0x0d, 0x04, 0x96, 0x0d, 0x2c, 0x1b, 0xd9, 0xde, 0x22, 0x02,

  0x24, 0xf2, 0xd4, 0xc4, 0xd6, 0xfa, 0x08, 0x1b, 0xbe, 0x53, 0xb1, 0x45,

  0x41, 0xca, 0x7d, 0x0b, 0x8b, 0xea, 0xc4, 0x91, 0xe1, 0x78, 0x58, 0x06,

  0x11, 0x27, 0xec, 0x20, 0xe9, 0x12, 0xda, 0xf5, 0x20, 0x52, 0xa6, 0x3b,

  0xf1, 0x0b, 0x14, 0x47, 0xbd, 0x25, 0x34, 0xb1, 0x3a, 0xd4, 0xf8, 0x51,

  0xda, 0xe9, 0x2d, 0xdc, 0x03, 0x44, 0xd2, 0xc0, 0xd6, 0x04, 0xfc, 0x15,

  0xd2, 0xc3, 0x5b, 0x1c, 0xe0, 0x35, 0xb1, 0xfd, 0x29, 0x5f, 0x09, 0x16,

  0xb5, 0x4b, 0x4d, 0x35, 0xed, 0xec, 0x0e, 0x12, 0xab, 0x2a, 0xb4, 0xad,

  0xfd, 0xb3, 0x68, 0xe2, 0x34, 0xbb, 0xe4, 0x1e, 0xea, 0x0c, 0x0f, 0x55,

  0xe6, 0xeb, 0x64, 0xc1, 0x2e, 0x96, 0x31, 0x70, 0xa5, 0xe8, 0x05, 0x4b,

  0xe9, 0xad, 0x08, 0x0c, 0xe2, 0xf9, 0xcc, 0xa6, 0x11, 0x3c, 0x27, 0x3f,

  0x1b, 0x11, 0x1c, 0x17, 0x92, 0xf5, 0xca, 0xcf, 0xe2, 0x13, 0xcc, 0xf3,

  0xf0, 0xb7, 0x0e, 0x3e, 0x1d, 0xec, 0xb6, 0xf9, 0xf3, 0x39, 0xd8, 0x30,

  0x2a, 0x3b, 0x31, 0x3a, 0xa7, 0xe1, 0x04, 0x41, 0x1e, 0x7f, 0xc8, 0xaf,

  0xc0, 0xa0, 0x67, 0xcc, 0xc0, 0xa1, 0x2a, 0x95, 0x0e, 0x0c, 0x33, 0x3f,

  0x63, 0x38, 0x52, 0xeb, 0x0c, 0xe2, 0x11, 0xf7, 0x42, 0xe5, 0xfa, 0xe0,

  0x38, 0x70, 0xf0, 0xd8, 0x04, 0x05, 0x72, 0x1b, 0x21, 0xe0, 0xf7, 0xed,

  0xf7, 0xba, 0xda, 0xa2, 0xf7, 0xdf, 0xce, 0x15, 0x04, 0xb5, 0x22, 0xfd,

  0x01, 0x23, 0xde, 0x34, 0xea, 0x2c, 0x11, 0x43, 0x2e, 0x14, 0x26, 0x19,

  0xf9, 0x19, 0xc5, 0xef, 0xd4, 0x49, 0x2f, 0x4b, 0xf5, 0x81, 0xee, 0x28,

  0x1a, 0x24, 0xd0, 0xda, 0xf5, 0x4f, 0xf2, 0x3d, 0xad, 0x13, 0xcf, 0xd4,

  0xf4, 0xf7, 0x0c, 0x0b, 0x03, 0xd2, 0xd3, 0x63, 0xe2, 0xcf, 0xf3, 0xe3,

  0x27, 0x3d, 0xda, 0xd4, 0x3a, 0x3c, 0x44, 0xf6, 0x20, 0x08, 0x29, 0x47,

  0xf8, 0xe3, 0xea, 0xcf, 0xf7, 0x3c, 0xf2, 0x17, 0x39, 0xe9, 0x00, 0x00,

  0xcd, 0x08, 0xf4, 0xe0, 0x3b, 0xfb, 0x2f, 0x3d, 0xce, 0xfc, 0x49, 0x4b,

  0x08, 0x1c, 0xc4, 0xff, 0xe0, 0x07, 0x1c, 0x2f, 0xdf, 0xf3, 0xfd, 0x2b,

  0xc0, 0x33, 0xcf, 0x2e, 0x60, 0x16, 0xfe, 0x2a, 0xda, 0x09, 0xd8, 0xe6,

  0xda, 0xde, 0xd5, 0xd0, 0x3e, 0x18, 0x0b, 0x43, 0x38, 0x0c, 0x32, 0x20,

  0xde, 0x1b, 0x20, 0xe4, 0x05, 0x44, 0x16, 0x09, 0xc5, 0x0e, 0xc8, 0xd9,

  0xde, 0xcc, 0xfd, 0x0e, 0xe9, 0x20, 0x01, 0x13, 0x18, 0x4f, 0x0a, 0xe0,

  0xfd, 0x03, 0xf5, 0x1f, 0x39, 0xbe, 0x02, 0xde, 0xd3, 0xbb, 0x40, 0x0c,

  0xc5, 0xd7, 0xc5, 0xbe, 0x34, 0x25, 0x06, 0xeb, 0x0c, 0x14, 0x66, 0xdf,

  0x47, 0x6f, 0xcd, 0xcc, 0xeb, 0x0e, 0xff, 0x3d, 0xb6, 0x1b, 0x1c, 0xc6,

  0xdb, 0x07, 0xd8, 0xe8, 0x35, 0x39, 0xec, 0xa2, 0xfb, 0xe3, 0x3c, 0x04,

  0xc2, 0x79, 0xc8, 0x38, 0xe4, 0xf9, 0xa8, 0xce, 0xe7, 0x29, 0xe0, 0xd0,

  0xc9, 0x2f, 0x03, 0x4a, 0x04, 0xed, 0xf8, 0x25, 0x26, 0xbd, 0xee, 0x98,

  0xbd, 0x45, 0x05, 0x2f, 0xf2, 0x4f, 0x2e, 0x93, 0xf3, 0x22, 0xd8, 0xb4,

  0xb5, 0xb3, 0xee, 0x4e, 0x3b, 0xf5, 0x01, 0xd7, 0x08, 0xf6, 0x47, 0x07,

  0xc6, 0x25, 0xb9, 0x3b, 0xf0, 0x2c, 0xb6, 0xeb, 0x9f, 0xe7, 0x2b, 0xd2,

  0xa9, 0xb5, 0xf4, 0x12, 0xd1, 0x3d, 0xa0, 0xbd, 0xaf, 0x03, 0x24, 0x38,

  0x52, 0x7f, 0xf8, 0xeb, 0xb9, 0xd5, 0xbb, 0x38, 0xab, 0x5b, 0xb8, 0xaf,

  0x20, 0xea, 0x0c, 0x5a, 0x2a, 0xe7, 0xf6, 0xdc, 0xc1, 0xec, 0xe0, 0x1d,

  0x2e, 0x3b, 0xf0, 0x28, 0x9e, 0x21, 0x1b, 0xd8, 0x93, 0xd4, 0xaa, 0x43,

  0x04, 0xd7, 0xcf, 0x00, 0x4b, 0x2b, 0x2d, 0x4c, 0xd5, 0xfe, 0xdd, 0x1f,

  0x4b, 0x1a, 0x01, 0xcd, 0x1b, 0x0d, 0x29, 0xcb, 0xb2, 0xc3, 0x10, 0x12,

  0xb6, 0xdd, 0xfd, 0x31, 0x54, 0xcc, 0x21, 0x13, 0x3a, 0x49, 0x43, 0xde,

  0x35, 0x0f, 0x00, 0xbf, 0xe0, 0x3c, 0xf5, 0x0c, 0xf9, 0x44, 0x37, 0xf2,

  0x11, 0xf1, 0x36, 0x07, 0xb2, 0x50, 0xd2, 0x45, 0x40, 0xbd, 0xc0, 0xb8,

  0x39, 0x4c, 0xdf, 0x07, 0xb0, 0xf2, 0x34, 0x2c, 0x1e, 0x1c, 0xdc, 0x3a,

  0xd9, 0x12, 0xe0, 0x57, 0x1e, 0x41, 0x08, 0xf7, 0x11, 0x35, 0xdc, 0x0f,

  0xef, 0x68, 0x0d, 0xbd, 0xdc, 0xcd, 0x23, 0x58, 0xd4, 0x3a, 0xe6, 0x10,

  0x9b, 0x0e, 0x13, 0x30, 0xe4, 0xda, 0x3a, 0xd6, 0xb5, 0xe9, 0xd1, 0x25,

  0xb7, 0x3a, 0x42, 0xde, 0x97, 0x15, 0x08, 0xda, 0x4c, 0xe8, 0xea, 0x1a,

  0x07, 0xd6, 0x4d, 0xd6, 0x40, 0x3d, 0xee, 0x53, 0xeb, 0xe0, 0x31, 0xd3,

  0x51, 0xa6, 0x46, 0x5e, 0x06, 0x03, 0xbb, 0xe5, 0xfd, 0x0e, 0x73, 0x4a,

  0xc5, 0x27, 0xff, 0xd9, 0xe2, 0xda, 0x3f, 0x2d, 0xb5, 0x15, 0xa5, 0x0a,

  0x47, 0xde, 0x0b, 0xd2, 0xc9, 0x22, 0xda, 0x06, 0xeb, 0x53, 0x09, 0x2c,

  0x4c, 0xee, 0x77, 0x2e, 0x49, 0xdf, 0x05, 0x6b, 0x1f, 0xf5, 0xdf, 0x0b,

  0xee, 0xf5, 0x47, 0xfb, 0x2e, 0xf4, 0xd9, 0xb5, 0x58, 0x49, 0x2b, 0x21,

  0xd4, 0xe5, 0x49, 0x25, 0x15, 0xfa, 0xc6, 0x22, 0xf7, 0xca, 0x16, 0x47,

  0x3a, 0x1a, 0x4c, 0x33, 0xb0, 0xca, 0xfd, 0xd1, 0xe2, 0xe3, 0xc1, 0xc7,

  0x12, 0x1d, 0x20, 0x64, 0x30, 0x00, 0x59, 0xf3, 0xe7, 0x0f, 0x10, 0x29,

  0xb6, 0x86, 0xf3, 0x57, 0xc3, 0xeb, 0xa5, 0xc0, 0x0b, 0x50, 0x7f, 0xd3,

  0xf9, 0x68, 0xf3, 0xf6, 0xef, 0x3e, 0xaf, 0xc7, 0x05, 0x2b, 0x9b, 0x5a,

  0xac, 0xe9, 0x68, 0x20, 0x99, 0xfe, 0x0c, 0xab, 0xff, 0x34, 0x34, 0x1c,

  0x6c, 0x5e, 0x35, 0xb3, 0x35, 0x9d, 0xe6, 0xcf, 0x03, 0x14, 0x04, 0xe7,

  0xbc, 0x84, 0x53, 0x2b, 0xb9, 0x42, 0x16, 0xfe, 0x58, 0x30, 0xfd, 0x10,

  0xd3, 0x4d, 0xde, 0x41, 0x2d, 0xb5, 0xf7, 0xe5, 0xcf, 0x5e, 0x97, 0x34,

  0x48, 0xc2, 0x5f, 0xca, 0xed, 0x21, 0xd5, 0x9b, 0x11, 0x64, 0x1e, 0xe8,

  0x0b, 0x5b, 0x5f, 0xe2, 0xf7, 0xf2, 0xc9, 0x4d, 0xbf, 0x45, 0x98, 0x1d,

  0x16, 0xa5, 0x1b, 0x06, 0x33, 0x57, 0xd1, 0xb8, 0xc7, 0xd7, 0xed, 0x6c,

  0x29, 0x3d, 0x6d, 0x03, 0xec, 0xc6, 0x13, 0x28, 0x07, 0x44, 0xd1, 0x10,

  0xcd, 0xcb, 0x1c, 0xe1, 0xfb, 0xbc, 0xe2, 0xb6, 0x00, 0x17, 0xfb, 0x12,

  0xa8, 0xeb, 0x34, 0xdb, 0xd5, 0xc7, 0x19, 0xf4, 0x09, 0x05, 0x12, 0x38,

  0x1d, 0xbd, 0x55, 0x1e, 0xfb, 0xdd, 0xac, 0xd1, 0x3c, 0x4a, 0x75, 0x7d,

  0x00, 0x01, 0x4f, 0xed, 0x16, 0xdb, 0xbf, 0x72, 0xad, 0x05, 0xc9, 0x3a,

  0x44, 0xc7, 0x21, 0x44, 0xc8, 0xdb, 0xc4, 0x02, 0xea, 0xfa, 0xf1, 0x58,

  0x0e, 0x1d, 0x1f, 0xbc, 0xe7, 0x17, 0x12, 0x26, 0xfe, 0x49, 0x03, 0xd5,

  0x24, 0x09, 0x29, 0x4e, 0xe4, 0x39, 0xd8, 0x11, 0xd3, 0xdc, 0xe3, 0xe0,

  0x0c, 0x0b, 0x4e, 0xf4, 0xf8, 0x10, 0xe9, 0x01, 0x20, 0xed, 0xe7, 0x2c,

  0x1c, 0x26, 0x18, 0x06, 0xce, 0xc2, 0xcc, 0x0f, 0x4b, 0xeb, 0x61, 0xf0,

  0xfc, 0xde, 0x51, 0x1d, 0xc3, 0xa5, 0x26, 0xf7, 0xf7, 0x08, 0xfc, 0x36,

  0xc6, 0xc0, 0x20, 0x35, 0xfd, 0x3a, 0xcd, 0xd1, 0x4f, 0x74, 0x5d, 0xe6,

  0x2d, 0x42, 0x58, 0xb8, 0x2c, 0xfd, 0x9e, 0xf9, 0x15, 0x05, 0xe5, 0xe0,

  0x39, 0xc5, 0x3a, 0x0c, 0x1c, 0x13, 0xd1, 0x0b, 0x59, 0xf4, 0xf1, 0xf7,

  0x03, 0x0f, 0xff, 0xdc, 0x09, 0x95, 0x1b, 0xc3, 0xde, 0x57, 0x0e, 0x0f,

  0x11, 0xaa, 0x2c, 0xdc, 0x05, 0xcd, 0x07, 0x9f, 0xe5, 0x4f, 0x54, 0x1a,

  0x21, 0x5a, 0x7f, 0xb9, 0x5d, 0xc4, 0xba, 0x27, 0x17, 0x2e, 0xa0, 0x5b,

  0xe5, 0xa8, 0xd0, 0xbc, 0xda, 0x51, 0x40, 0xc9, 0x1c, 0x96, 0x12, 0xd8,

  0x26, 0xdd, 0x25, 0xde, 0x51, 0x24, 0x17, 0xe4, 0x3c, 0xdf, 0x45, 0xce,

  0xba, 0xee, 0xfd, 0x21, 0x1f, 0x11, 0x06, 0xef, 0x4b, 0xe3, 0x48, 0xbc,

  0xf4, 0x13, 0xb9, 0x09, 0x10, 0xc0, 0xd1, 0x52, 0x2c, 0xcc, 0x30, 0x57,

  0x46, 0x77, 0x20, 0x07, 0xf0, 0xe4, 0xef, 0xcc, 0x24, 0x0c, 0x18, 0xc6,

  0x0d, 0x0f, 0x99, 0xca, 0xe5, 0xa8, 0x9f, 0x3d, 0x1a, 0xb4, 0x37, 0x27,

  0x05, 0xde, 0xec, 0xfd, 0xd0, 0xed, 0x14, 0xb4, 0xef, 0xd5, 0x24, 0x33,

  0xef, 0x20, 0x8d, 0x27, 0xe6, 0x2d, 0x81, 0x41, 0x45, 0x14, 0x3d, 0xe9,

  0x8e, 0x1e, 0x1d, 0x24, 0x0c, 0xad, 0x28, 0x18, 0x11, 0x09, 0x10, 0x0f,

  0xf1, 0x36, 0xc7, 0xb5, 0x09, 0x12, 0x10, 0x39, 0xaf, 0x1f, 0x33, 0xfb,

  0x24, 0xf1, 0xae, 0x2f, 0xee, 0x4d, 0x1a, 0xed, 0x2c, 0xfe, 0xb9, 0x0f,

  0x00, 0x13, 0x98, 0xea, 0x3c, 0x51, 0xcb, 0xd3, 0x71, 0x0f, 0x41, 0xf7,

  0x03, 0xd1, 0xc6, 0x52, 0xe4, 0x4d, 0x0c, 0xe5, 0xf5, 0xa8, 0x02, 0xc9,

  0xff, 0x10, 0xd8, 0xad, 0x24, 0xd5, 0x08, 0xfd, 0xac, 0xe6, 0xfa, 0x1d,

  0xac, 0x23, 0xf6, 0x40, 0x3b, 0xc3, 0xbe, 0x7c, 0x38, 0xc6, 0xe1, 0x51,

  0xe1, 0xac, 0xa8, 0x9c, 0x43, 0x33, 0x18, 0x37, 0x24, 0xc2, 0x18, 0x36,

  0xee, 0x2e, 0xf1, 0x4c, 0xea, 0x23, 0x5c, 0xf5, 0xd6, 0xbd, 0xed, 0x0c,

  0xe4, 0xb7, 0x9a, 0x10, 0xfe, 0xbb, 0xe1, 0xc0, 0xf1, 0x0b, 0xcb, 0xdb,

  0x23, 0x0d, 0x5c, 0x12, 0xc1, 0xae, 0x82, 0xd7, 0x25, 0x39, 0x40, 0xbc,

  0xcc, 0x2c, 0xd6, 0x1a, 0xe9, 0x11, 0xf3, 0xa6, 0xa4, 0x1b, 0xfb, 0xe3,

  0xb2, 0x02, 0x5e, 0x12, 0x09, 0x22, 0x1b, 0x84, 0xfa, 0xda, 0xf4, 0xec,

  0x33, 0xcf, 0x41, 0x0c, 0x46, 0x50, 0x11, 0xbb, 0xb3, 0x28, 0x00, 0x03,

  0x36, 0xe9, 0xe7, 0xf4, 0xe1, 0xdb, 0xd5, 0xb0, 0x21, 0x2c, 0x0b, 0xed,

  0xfb, 0xef, 0x42, 0x09, 0xed, 0xf3, 0x1a, 0xb3, 0xf8, 0x2f, 0x05, 0x29,

  0x29, 0x9d, 0xda, 0xf7, 0x8e, 0x2c, 0xde, 0x94, 0x37, 0x44, 0x07, 0x64,

  0x05, 0x57, 0x03, 0x1e, 0xec, 0xc9, 0x38, 0x9c, 0xc9, 0x93, 0xb8, 0xcc,

  0x42, 0x14, 0xc2, 0xc8, 0x25, 0xde, 0xc6, 0xbd, 0xb6, 0x31, 0xa9, 0x2c,

  0x0b, 0x02, 0x33, 0x15, 0x41, 0xb8, 0x35, 0xb0, 0xfc, 0xf3, 0x83, 0xe7,

  0x38, 0xa4, 0xd6, 0xa1, 0x07, 0xdc, 0xb0, 0xd9, 0xc9, 0x5f, 0xd5, 0xd8,

  0x08, 0xdf, 0x3e, 0x0a, 0x1f, 0x29, 0x38, 0x0a, 0xba, 0xc8, 0xd1, 0xb6,

  0xf5, 0xbb, 0x34, 0x50, 0x3d, 0xa2, 0x0c, 0xb8, 0xa8, 0x1a, 0xfb, 0x10,

  0x00, 0x30, 0xe8, 0x19, 0x14, 0xf4, 0xc7, 0xcf, 0xa1, 0xf9, 0xbc, 0x0b,

  0x2f, 0x81, 0x5c, 0xd4, 0xf4, 0x38, 0x2a, 0xff, 0xe6, 0x06, 0xb3, 0x15,

  0xd2, 0x26, 0x1c, 0xf2, 0xcc, 0x2f, 0xaf, 0x44, 0x0b, 0x52, 0x1b, 0x16,

  0x57, 0xbd, 0xcd, 0x39, 0xbe, 0xef, 0xa5, 0xde, 0xf4, 0xf7, 0xce, 0x40,

  0x1d, 0x2d, 0x17, 0xca, 0xd0, 0xea, 0x44, 0xc7, 0xdf, 0xf1, 0x1e, 0x07,

  0x7f, 0xea, 0x42, 0xf3, 0x2c, 0xf0, 0xbf, 0x2f, 0x0c, 0x32, 0xe1, 0xeb,

  0x0f, 0x26, 0xd5, 0xdd, 0xd4, 0xf1, 0x1d, 0xa6, 0xc3, 0xcb, 0xbf, 0xe4,

  0xea, 0xce, 0x1e, 0xbf, 0x2e, 0xe1, 0xcf, 0xb7, 0xfc, 0x42, 0xf8, 0x31,

  0x0f, 0x05, 0x28, 0xdb, 0xa7, 0xe2, 0x56, 0xd2, 0xc1, 0x35, 0x16, 0x12,

  0x4f, 0x05, 0xe8, 0xaf, 0x0a, 0x0a, 0xf2, 0xdb, 0xc7, 0xe4, 0xd5, 0x1d,

  0x2a, 0x63, 0x5a, 0x27, 0x2c, 0x02, 0x08, 0x10, 0xff, 0xe0, 0xad, 0xe7,

  0xf8, 0x0d, 0x1b, 0x31, 0xd3, 0xd2, 0x9b, 0xbe, 0xdc, 0x41, 0x97, 0x1e,

  0xbe, 0xcc, 0x1e, 0xdb, 0x05, 0x01, 0xda, 0xac, 0xc7, 0x23, 0xc4, 0xd5,

  0xe4, 0xbb, 0x19, 0x10, 0xc2, 0xef, 0xd7, 0xc1, 0xe4, 0x0f, 0x15, 0x37,

  0x2d, 0xee, 0x14, 0xfe, 0x01, 0x17, 0xf6, 0x11, 0xc3, 0x34, 0x07, 0xed,

  0x14, 0xc2, 0x13, 0xe9, 0x15, 0xd6, 0xb1, 0x0f, 0xbd, 0xd5, 0x0b, 0x10,

  0xd3, 0xe5, 0xd4, 0x33, 0x0d, 0x4b, 0xf3, 0x17, 0xa8, 0xce, 0xd5, 0x0f,

  0xe5, 0x16, 0xe4, 0xea, 0xcc, 0x11, 0xec, 0xda, 0x34, 0x16, 0xf8, 0xf7,

  0x48, 0x58, 0x1c, 0xed, 0xb5, 0x22, 0x43, 0x11, 0x04, 0xf8, 0xaa, 0x23,

  0x1e, 0x9e, 0xe1, 0xd6, 0xeb, 0x02, 0x1c, 0xa4, 0xf6, 0x53, 0xcb, 0xf3,

  0x39, 0x4f, 0x00, 0x34, 0xc1, 0xc9, 0x2d, 0xee, 0xdf, 0xd1, 0x9b, 0xca,

  0x29, 0xa0, 0xf7, 0xeb, 0xd8, 0xab, 0x2d, 0x30, 0xb9, 0x42, 0xd4, 0xff,

  0xeb, 0x58, 0x29, 0x16, 0xd1, 0xff, 0xd5, 0x35, 0xec, 0xff, 0xe7, 0x2b,

  0xca, 0x0e, 0x7f, 0x0e, 0xec, 0x01, 0xe6, 0xba, 0x4f, 0x11, 0x07, 0x5f,

  0x0f, 0xc6, 0x0f, 0x1b, 0xcd, 0x01, 0xbc, 0x79, 0xea, 0x3d, 0xb7, 0x17,

  0x1e, 0xe0, 0x29, 0x03, 0xd3, 0xd7, 0xb5, 0x3a, 0xf0, 0xd1, 0x38, 0x1e,

  0xb9, 0x3b, 0x4b, 0xbe, 0xbd, 0x19, 0xee, 0xe7, 0x31, 0x0e, 0x12, 0x23,

  0x27, 0xa3, 0x2f, 0x26, 0xbf, 0xd9, 0x12, 0xce, 0x4f, 0x28, 0xfe, 0x39,

  0xe5, 0x2c, 0x2e, 0xf1, 0xfe, 0xb4, 0xef, 0x4b, 0xc5, 0xf0, 0x14, 0x03,

  0xfe, 0x9a, 0x48, 0xe2, 0xfc, 0x47, 0xf5, 0xfb, 0x52, 0xf7, 0x25, 0xd4,

  0x12, 0xda, 0x5a, 0xc7, 0x0a, 0x03, 0xf1, 0x33, 0xba, 0xed, 0xec, 0x02,

  0xcc, 0xeb, 0xf7, 0x31, 0xe8, 0x39, 0x0b, 0xd8, 0xf1, 0x1c, 0x51, 0xd4,

  0xf8, 0x20, 0x24, 0x03, 0xe0, 0xb9, 0x1c, 0xf9, 0x15, 0xe3, 0xf5, 0x1c,

  0x05, 0xf7, 0x32, 0x00, 0x19, 0xc5, 0xdc, 0xe6, 0x56, 0x31, 0x5b, 0xe0,

  0x12, 0xe7, 0x49, 0xbf, 0xea, 0xd6, 0xe1, 0x18, 0xb9, 0x39, 0x08, 0xfe,

  0x25, 0xf9, 0x68, 0xe4, 0xba, 0x16, 0x93, 0xf2, 0x5a, 0xcc, 0x27, 0xce,

  0x04, 0x69, 0x07, 0x0d, 0xc5, 0x0d, 0x00, 0x21, 0x06, 0x06, 0x3f, 0x3e,

  0xd7, 0x14, 0x34, 0x3f, 0xe3, 0x12, 0x23, 0xb4, 0x07, 0xf4, 0x59, 0x4f,

  0xfa, 0x2b, 0x23, 0x03, 0x45, 0xc9, 0x2c, 0x32, 0xa7, 0xf2, 0xca, 0xca,

  0x48, 0xb2, 0xf9, 0xcd, 0xeb, 0xe5, 0xc4, 0xd1, 0x3a, 0x67, 0x38, 0xfa,

  0x29, 0xed, 0xef, 0x0c, 0x2a, 0x40, 0xdf, 0xbc, 0xc3, 0x0c, 0xce, 0x04,

  0x46, 0xe8, 0xe2, 0xff, 0xb0, 0xe2, 0xcc, 0xd6, 0xf6, 0xf1, 0xf4, 0xf1,

  0x10, 0x2e, 0x4a, 0x5b, 0xfc, 0xd9, 0x45, 0x03, 0xc9, 0xd8, 0x11, 0x13,

  0xf4, 0xc3, 0xe5, 0xe5, 0xad, 0x1b, 0x00, 0xdc, 0xca, 0x0e, 0xf1, 0x3a,

  0x33, 0xd6, 0x57, 0xe4, 0xfd, 0x05, 0x0f, 0x1b, 0x03, 0x32, 0xbf, 0xb1,

  0x58, 0xfc, 0xda, 0xdc, 0xa1, 0xfd, 0x0b, 0x0e, 0xdd, 0x0c, 0xc1, 0x54,

  0x45, 0x4e, 0xe7, 0x0a, 0x27, 0xe3, 0x33, 0x0c, 0xf5, 0xbf, 0xf9, 0x07,

  0xe5, 0x2a, 0xf9, 0x08, 0xc1, 0xcd, 0x05, 0xea, 0xd9, 0x1d, 0xe2, 0x1c,

  0xee, 0xf6, 0xfa, 0xe8, 0xdd, 0xfb, 0x20, 0x0a, 0xdb, 0xc5, 0x81, 0x05,

  0x1f, 0xef, 0xdd, 0xfe, 0xd9, 0x12, 0x0d, 0xcf, 0xc0, 0xdb, 0x02, 0x24,

  0xe8, 0xf8, 0x07, 0x64, 0xf9, 0x39, 0xd7, 0xde, 0xf3, 0x28, 0x00, 0x28,

  0xf7, 0xce, 0xd6, 0x0a, 0x2d, 0xa2, 0xa3, 0x91, 0xbe, 0xe3, 0xf7, 0xc7,

  0xd1, 0x21, 0x04, 0x2b, 0xce, 0xca, 0x08, 0x13, 0xf5, 0xc7, 0xb8, 0xbf,

  0xf7, 0x2a, 0xed, 0x10, 0x1a, 0xde, 0xa7, 0xc6, 0x2c, 0x60, 0xc2, 0x16,

  0xe9, 0x37, 0x14, 0x03, 0x0e, 0xea, 0xe9, 0xc7, 0xe6, 0xf8, 0x1c, 0xbc,

  0x0f, 0x93, 0x09, 0x0e, 0xb5, 0xe2, 0xf1, 0xd4, 0xe2, 0x17, 0x15, 0x0f,

  0x08, 0x1c, 0x1f, 0x31, 0xdb, 0x06, 0x30, 0xba, 0x21, 0x0b, 0xf4, 0x0a,

  0x2c, 0xf8, 0x3e, 0x1e, 0xe0, 0xb2, 0xa3, 0x26, 0xb5, 0xe7, 0xb3, 0xe0,

  0x3e, 0x4b, 0xf8, 0x3a, 0x2d, 0x1b, 0x37, 0xf6, 0xbe, 0xc1, 0xf8, 0xdd,

  0xea, 0x03, 0x2a, 0x16, 0xa2, 0xad, 0xa1, 0xe7, 0xf1, 0x37, 0xed, 0x45,

  0x31, 0xd3, 0xe2, 0x57, 0xbf, 0xbd, 0xd4, 0xe7, 0xbf, 0x8e, 0xc9, 0x02,

  0xf3, 0x85, 0x04, 0x26, 0x2b, 0x13, 0xce, 0x17, 0x32, 0x58, 0xfa, 0x46,

  0xbe, 0x55, 0x05, 0x60, 0xf3, 0xe1, 0xf4, 0x00, 0x0e, 0x7f, 0x04, 0xa9,

  0xcd, 0x0f, 0x0e, 0xfe, 0xa0, 0xfc, 0x18, 0xe2, 0xeb, 0xc7, 0xec, 0x12,

  0x5f, 0x08, 0x43, 0xef, 0xc1, 0xf6, 0x33, 0xc8, 0xa2, 0xfd, 0xad, 0xfc,

  0x20, 0xf0, 0xcf, 0x12, 0x18, 0x1a, 0x23, 0xad, 0x01, 0x39, 0xe8, 0xfc,

  0xf2, 0x21, 0xf5, 0xe3, 0xfa, 0x51, 0xe1, 0x2b, 0xf2, 0xa5, 0xf6, 0xef,

  0xd7, 0xed, 0x0f, 0xd1, 0x03, 0xf7, 0xa2, 0xe4, 0xad, 0x0e, 0xd5, 0x33,

  0xdb, 0xed, 0xf8, 0x51, 0x0d, 0xfa, 0x07, 0xee, 0x23, 0x25, 0x8d, 0xe9,

  0xd5, 0xc7, 0xbd, 0xad, 0xc1, 0xdc, 0xd8, 0xaf, 0x11, 0x1e, 0xd9, 0xb4,

  0x23, 0x31, 0xde, 0x66, 0x01, 0xf1, 0x42, 0xf3, 0xd8, 0x0d, 0x90, 0x19,

  0xfb, 0x9f, 0x2a, 0xd0, 0xb8, 0xe6, 0xe4, 0x13, 0xbb, 0x1c, 0x23, 0xee,

  0xf2, 0x24, 0x22, 0x17, 0xc9, 0x14, 0xc4, 0xda, 0xfb, 0xc5, 0xdb, 0xe4,

  0x52, 0x9f, 0x1f, 0x02, 0xc8, 0x84, 0x8a, 0xe5, 0xa8, 0x40, 0x9c, 0x38,

  0x01, 0x50, 0x47, 0x13, 0xc9, 0xff, 0x21, 0xc7, 0xbf, 0x1b, 0x25, 0x17,

  0x18, 0xfd, 0xf3, 0xc5, 0x33, 0xff, 0xf3, 0x01, 0x02, 0xc7, 0xf4, 0xdc,

  0xf7, 0x36, 0xfa, 0x18, 0xca, 0xd2, 0x03, 0x14, 0x0a, 0x6f, 0x8d, 0x6a,

  0xcf, 0x12, 0x5d, 0x32, 0xea, 0x37, 0xa6, 0x13, 0xc3, 0xf0, 0x38, 0x16,

  0x27, 0x02, 0x7c, 0x15, 0x3e, 0xe8, 0xd0, 0x16, 0x0f, 0x4b, 0xef, 0xfc,

  0xcb, 0x05, 0x6d, 0x4e, 0xba, 0xb3, 0xbf, 0xb8, 0xe5, 0x3e, 0x46, 0xee,

  0x14, 0xe8, 0x45, 0x2a, 0x0e, 0x01, 0xc7, 0xcb, 0xed, 0xf9, 0xc6, 0xcc,

  0x3f, 0xfa, 0xfe, 0xe1, 0x8e, 0xde, 0xe3, 0x17, 0xe9, 0x02, 0x02, 0x3b,

  0xfe, 0xed, 0x63, 0xd2, 0xb3, 0x19, 0xd9, 0x71, 0xb5, 0xed, 0xaa, 0x28,

  0x03, 0xca, 0x28, 0x1a, 0x1d, 0x05, 0xd1, 0xaa, 0xf6, 0x07, 0xf1, 0x0f,

  0xcc, 0x6e, 0x49, 0xdf, 0xfc, 0x38, 0x09, 0x21, 0x56, 0xf1, 0x39, 0x27,

  0xe0, 0xeb, 0x27, 0x15, 0x32, 0xd3, 0x10, 0x44, 0x3b, 0xe6, 0x60, 0xed,

  0xca, 0x25, 0x0b, 0xd4, 0x2b, 0x1e, 0x33, 0xc1, 0x04, 0xf9, 0xed, 0xff,

  0x1e, 0x9f, 0xf4, 0x3b, 0x2e, 0x2e, 0x36, 0xef, 0x44, 0x36, 0x2f, 0x36,

  0x49, 0x2f, 0x60, 0x1a, 0x22, 0xb3, 0xf3, 0x54, 0xb5, 0x39, 0x0a, 0x2b,

  0xa9, 0xa6, 0xf9, 0x63, 0xfb, 0xec, 0xca, 0xea, 0x0e, 0x33, 0x41, 0x0d,

  0x5e, 0xf9, 0x04, 0xad, 0xe7, 0xf4, 0x1c, 0xf7, 0xbc, 0x19, 0xb0, 0xfa,

  0x1d, 0xff, 0x24, 0xd7, 0x90, 0x3e, 0xa0, 0xa3, 0x27, 0x47, 0x06, 0xd9,

  0x52, 0x2d, 0x7f, 0xf9, 0x32, 0xe7, 0xcf, 0xef, 0xfa, 0x0f, 0xa8, 0x2b,

  0x23, 0xcd, 0x49, 0x7e, 0x2d, 0xd2, 0xb6, 0xa5, 0xf5, 0x72, 0x67, 0x37,

  0xff, 0x6f, 0x0f, 0xbd, 0x60, 0x42, 0x32, 0xdc, 0x3b, 0x81, 0x01, 0xe8,

  0xc0, 0x24, 0xb3, 0x9a, 0x6b, 0x6b, 0x41, 0xfb, 0xde, 0x04, 0x02, 0xb1,

  0xeb, 0x24, 0xa2, 0xe7, 0x46, 0xe0, 0x1b, 0x0d, 0x04, 0x85, 0x2a, 0x08,

  0x3f, 0xe3, 0x21, 0xba, 0x0d, 0x18, 0x00, 0x54, 0x2d, 0xd5, 0x23, 0x28,

  0xc7, 0x1a, 0xed, 0xc8, 0xe3, 0x46, 0xcf, 0xec, 0x1d, 0x87, 0x17, 0x05,

  0xfd, 0xf5, 0xbf, 0xd6, 0xe9, 0x49, 0xf3, 0x74, 0x13, 0xcd, 0x24, 0x3c,

  0xcb, 0xf3, 0xf8, 0xfa, 0x0d, 0x1d, 0x21, 0x10, 0x3f, 0xfa, 0xe4, 0x2c,

  0x18, 0x50, 0x24, 0x21, 0x20, 0x07, 0xf5, 0x12, 0x06, 0xf5, 0x0d, 0x21,

  0xd9, 0x2c, 0xfc, 0x0e, 0x11, 0x18, 0x31, 0x3c, 0xdc, 0xca, 0x43, 0xf0,

  0xd5, 0x38, 0xd7, 0x0c, 0x1e, 0x43, 0x0f, 0x2b, 0xd3, 0xba, 0xd9, 0xc1,

  0xf1, 0xc0, 0xca, 0xc3, 0x44, 0x12, 0x22, 0x2f, 0xdd, 0xae, 0x0e, 0xe0,

  0x03, 0x59, 0xee, 0x41, 0x3d, 0xd6, 0x47, 0x29, 0xd9, 0x0a, 0x16, 0x13,

  0xd7, 0xc4, 0xa7, 0x24, 0x3a, 0xe0, 0xae, 0x18, 0xdf, 0xf0, 0x3c, 0x30,

  0xe2, 0xd4, 0xed, 0xd0, 0x58, 0x46, 0x2b, 0x3b, 0xf4, 0xda, 0x19, 0x2a,

  0xa1, 0xee, 0xab, 0x2c, 0x9b, 0x49, 0x0e, 0x3a, 0xb9, 0x2b, 0xc9, 0x33,

  0xf4, 0x4a, 0xdb, 0x20, 0xe8, 0x36, 0x39, 0xfb, 0x03, 0x0d, 0xdb, 0xeb,

  0xd7, 0xf0, 0xc1, 0xea, 0x1a, 0xe4, 0xf6, 0x5f, 0x10, 0x2a, 0x42, 0xf9,

  0x19, 0xfb, 0xb9, 0xef, 0x32, 0x0b, 0xd0, 0x3f, 0xcf, 0xd8, 0xe7, 0x00,

  0xca, 0xde, 0xc3, 0x13, 0x27, 0xf0, 0xd2, 0x0e, 0x01, 0xe2, 0x08, 0x2a,

  0x34, 0xe6, 0x52, 0xf8, 0xd6, 0x1f, 0xd4, 0xf0, 0x2c, 0x3f, 0x18, 0x20,

  0x22, 0x08, 0x01, 0xce, 0xe5, 0x05, 0xf8, 0xb7, 0xdc, 0xfe, 0x9e, 0x1c,

  0x0c, 0x18, 0x24, 0x04, 0x11, 0xf8, 0x02, 0xe8, 0xe9, 0x33, 0xfa, 0x2e,

  0xe8, 0x08, 0x1b, 0x2f, 0xd6, 0x0b, 0xcc, 0xc0, 0xc0, 0x56, 0xeb, 0x07,

  0x00, 0xec, 0x7f, 0x27, 0xc1, 0xce, 0xba, 0xf2, 0x28, 0x29, 0x02, 0x13,

  0x08, 0xfc, 0xfd, 0xca, 0xba, 0xa3, 0xae, 0xf3, 0xcb, 0xe7, 0xc4, 0x62,

  0xe3, 0x0e, 0xe4, 0x49, 0x02, 0x0a, 0xaf, 0xa7, 0xdb, 0xed, 0x0f, 0x11,

  0x2f, 0x2d, 0x1a, 0x30, 0xe2, 0xe1, 0xbf, 0xc9, 0x1f, 0x15, 0xbb, 0x01,

  0xbe, 0xcb, 0xe0, 0xea, 0xd6, 0xeb, 0x01, 0xfc, 0xce, 0xdc, 0xf7, 0x21,

  0x24, 0x33, 0x25, 0x0e, 0xf7, 0xdf, 0xf0, 0xc0, 0xe8, 0x22, 0x9e, 0x34,

  0x0c, 0xec, 0x08, 0x30, 0x3b, 0xf1, 0xa7, 0xe9, 0xd0, 0xef, 0x1a, 0x09,

  0x0f, 0x6b, 0x1f, 0x26, 0xd1, 0xce, 0xc3, 0xaf, 0xb8, 0x04, 0xa5, 0x3a,

  0xff, 0xe8, 0x53, 0x3d, 0xd3, 0xd7, 0xc9, 0x04, 0x34, 0x2c, 0x36, 0x12,

  0x36, 0x42, 0xe7, 0x1b, 0xc7, 0x1b, 0x25, 0x21, 0xec, 0xe9, 0x1f, 0xc6,

  0xce, 0x22, 0x21, 0xc6, 0xcb, 0xdb, 0xae, 0xe8, 0xfc, 0x2b, 0x31, 0x09,

  0x38, 0x3e, 0x39, 0x25, 0x10, 0xe2, 0x2c, 0xf9, 0xab, 0x3c, 0xc2, 0x1a,

  0x2e, 0xcb, 0x09, 0xc9, 0xb8, 0x1e, 0xb8, 0xc5, 0x1c, 0x11, 0x23, 0x0e,

  0x35, 0x54, 0x27, 0xf2, 0xcf, 0x41, 0x3c, 0xd3, 0xc6, 0xa8, 0x4b, 0x10,

  0x0b, 0x6a, 0xb8, 0xca, 0x14, 0x7c, 0xd9, 0x01, 0x10, 0x3e, 0x2a, 0x45,

  0x3f, 0xf1, 0xc3, 0xe4, 0x1b, 0x65, 0xcb, 0x09, 0x5f, 0xb0, 0xf5, 0x30,

  0x3f, 0x19, 0x90, 0xac, 0xdb, 0xba, 0x40, 0xc8, 0xa9, 0x2b, 0xf4, 0x36,

  0x1b, 0xab, 0xf4, 0xbb, 0x2e, 0xb1, 0xce, 0xc0, 0x26, 0xf6, 0xd9, 0xd3,

  0x5f, 0x09, 0x82, 0x9a, 0xf4, 0x11, 0x49, 0x5d, 0x1a, 0x39, 0x2c, 0xab,

  0xe7, 0x98, 0xd2, 0x04, 0x35, 0xde, 0x0f, 0x23, 0xf1, 0xb9, 0xdd, 0x01,

  0x3c, 0x65, 0x96, 0x2c, 0xf1, 0x3f, 0xda, 0xe5, 0xa0, 0xc4, 0x3c, 0xa5,

  0x43, 0xc4, 0x8a, 0xc3, 0xd0, 0x32, 0xa9, 0xcb, 0x12, 0xdb, 0xb5, 0x98,

  0xdf, 0x0e, 0xac, 0xd7, 0xc2, 0xe7, 0xd5, 0xf0, 0xd2, 0x38, 0xbc, 0x2a,

  0xad, 0x85, 0xb8, 0xee, 0x07, 0xc2, 0xaa, 0xb9, 0xbe, 0x1a, 0x40, 0x25,

  0xd2, 0x6f, 0x16, 0xe7, 0x14, 0xa8, 0xbb, 0x27, 0x1d, 0xaa, 0xfd, 0x31,

  0x8d, 0xd0, 0x11, 0x5a, 0xd0, 0xd3, 0xb8, 0x5a, 0xdd, 0x0e, 0x20, 0xfe,

  0x74, 0x0b, 0xd8, 0x38, 0xcd, 0xa9, 0x69, 0x4b, 0xa6, 0x5f, 0x1c, 0xd4,

  0xef, 0x48, 0xfa, 0x60, 0x48, 0xd3, 0xe0, 0xc3, 0xbe, 0x8f, 0xcd, 0xd5,

  0x22, 0x64, 0xef, 0xfa, 0xf7, 0xea, 0x09, 0x2c, 0x11, 0x00, 0x04, 0x36,

  0xa2, 0xd2, 0xfd, 0x4a, 0xd8, 0xb8, 0x0c, 0x32, 0x26, 0x16, 0xfe, 0xdf,

  0xd4, 0xdb, 0xff, 0x3d, 0xd8, 0xf9, 0x50, 0x48, 0x37, 0x48, 0x1f, 0xa5,

  0x81, 0x0b, 0x9b, 0xd7, 0x39, 0xda, 0x00, 0xdf, 0x38, 0xd8, 0x33, 0xe7,

  0x26, 0x21, 0xa1, 0x07, 0xe7, 0x7c, 0x2e, 0x67, 0x24, 0x06, 0xde, 0xc8,

  0xa1, 0xa5, 0xbd, 0xc9, 0x3e, 0x1d, 0xdf, 0xc5, 0x13, 0xbf, 0x01, 0x1e,

  0xe1, 0x0a, 0x15, 0x37, 0x67, 0x7f, 0xb2, 0xf9, 0x2d, 0xe8, 0x1d, 0x2e,

  0xc4, 0xde, 0xce, 0xdc, 0x55, 0xab, 0xc7, 0xdc, 0x27, 0xc9, 0xad, 0x07,

  0xff, 0x18, 0xf6, 0xfe, 0xe1, 0xe0, 0x2a, 0xfe, 0xcb, 0x07, 0xe5, 0xaf,

  0xec, 0xf9, 0xe3, 0x10, 0x34, 0x39, 0xcb, 0xeb, 0x35, 0xe0, 0xdc, 0xbe,

  0xf3, 0x4e, 0x22, 0xe0, 0x29, 0xff, 0xec, 0xe1, 0xd5, 0x01, 0x55, 0x30,

  0xe2, 0x38, 0x9f, 0x05, 0xbd, 0xeb, 0xd7, 0x46, 0x03, 0xa5, 0xe0, 0x21,

  0x1f, 0x58, 0x22, 0x2f, 0x3d, 0xea, 0x43, 0x39, 0xf0, 0x16, 0x00, 0x54,

  0xb7, 0xf4, 0xf9, 0xd5, 0x2f, 0xd9, 0xf9, 0x0e, 0xc7, 0xd9, 0x52, 0x17,

  0xde, 0x62, 0xc6, 0x28, 0x1a, 0x09, 0x19, 0xce, 0x11, 0xc3, 0xf0, 0x2f,

  0xf9, 0x10, 0xc6, 0x9e, 0x16, 0xdb, 0x17, 0xdd, 0x4c, 0x31, 0x60, 0x2d,

  0xc1, 0x49, 0x86, 0x9e, 0xd9, 0x0e, 0x3f, 0x07, 0xcc, 0xcd, 0xca, 0xa3,

  0xe0, 0x1a, 0xbb, 0xa0, 0xca, 0xed, 0x0b, 0xd4, 0xf7, 0x53, 0x01, 0xa2,

  0xa8, 0x19, 0xfa, 0x44, 0x6b, 0x34, 0x71, 0x66, 0xe9, 0xd3, 0x1a, 0xf8,

  0xb4, 0xb7, 0xda, 0xa7, 0x65, 0x3e, 0xd2, 0x36, 0x32, 0xfc, 0x2b, 0xee,

  0xe9, 0xf2, 0x07, 0x40, 0xe3, 0xdf, 0x1f, 0x39, 0xe3, 0xff, 0x1d, 0xa7,

  0x0a, 0xe9, 0xb3, 0x19, 0x23, 0x35, 0xcf, 0xaa, 0xe0, 0xea, 0xb2, 0xbd,

  0x3d, 0xf3, 0x2d, 0xc3, 0x98, 0xf3, 0xd8, 0xb3, 0x0b, 0xf1, 0x08, 0x0f,

  0x35, 0x14, 0x14, 0x4a, 0x3c, 0x47, 0x17, 0xf9, 0x10, 0xc5, 0x20, 0x2a,

  0x3d, 0xe5, 0xda, 0xb6, 0x29, 0xa2, 0xd8, 0xdb, 0xaa, 0x15, 0x0f, 0x06,

  0xf8, 0xdc, 0xe7, 0x45, 0xe5, 0xcd, 0x3a, 0x3e, 0x26, 0x0e, 0x27, 0xc1,

  0xdb, 0xee, 0xcd, 0xcb, 0xdb, 0xee, 0x1c, 0x08, 0x2e, 0x0c, 0xe7, 0x19,

  0xc9, 0xfc, 0xcb, 0xf3, 0x2c, 0xcd, 0x0b, 0x97, 0xaa, 0xde, 0xc8, 0xf6,

  0x19, 0x10, 0xec, 0x01, 0x24, 0xd3, 0xee, 0x0e, 0x2f, 0x52, 0x00, 0xc9,

  0xd2, 0xf3, 0xdc, 0x47, 0xc0, 0xf4, 0xff, 0xf8, 0xbc, 0x81, 0xc3, 0xe3,

  0xf3, 0x97, 0xba, 0x23, 0x0a, 0x3a, 0x84, 0xb0, 0x1b, 0x0a, 0x33, 0x1a,

  0xbc, 0xe3, 0x13, 0xfd, 0xfa, 0xe3, 0xdf, 0xe2, 0x05, 0x10, 0xb9, 0x1f,

  0x10, 0x06, 0xc5, 0xca, 0xa7, 0xb5, 0x1c, 0xec, 0x42, 0x3f, 0xcf, 0x05,

  0xdb, 0x04, 0xfd, 0x1c, 0xc6, 0x01, 0xc2, 0xb6, 0xc8, 0xde, 0xd6, 0x38,

  0x35, 0xca, 0x01, 0x33, 0x93, 0xa4, 0xb4, 0x93, 0x00, 0x37, 0x31, 0xbb,

  0x34, 0x25, 0x18, 0x28, 0x20, 0x1a, 0xd1, 0x1c, 0xed, 0xfa, 0xdf, 0xde,

  0x33, 0xcf, 0xc4, 0x3f, 0xce, 0xcf, 0x81, 0xcf, 0xa7, 0x45, 0x21, 0xa2,

  0xf3, 0x36, 0xc7, 0x37, 0xe8, 0x01, 0x1b, 0xe6, 0xfd, 0xae, 0x0d, 0xdf,

  0x57, 0x48, 0x28, 0xe5, 0xf7, 0xe3, 0xa2, 0x23, 0xb2, 0x1b, 0xe5, 0xd6,

  0x33, 0x41, 0x09, 0xf2, 0xc7, 0xc9, 0x3a, 0xda, 0x29, 0xca, 0xb2, 0x1c,

  0x33, 0xb2, 0x20, 0xfa, 0x1e, 0xa5, 0xfd, 0xcc, 0xe5, 0x3d, 0xd2, 0x2f,

  0x0a, 0x4a, 0x03, 0x0d, 0x2b, 0xb8, 0x4c, 0xe2, 0xa3, 0x9d, 0xda, 0x31,

  0x13, 0xe2, 0x34, 0xf1, 0xeb, 0x2b, 0xdc, 0xb2, 0xf9, 0x2a, 0x09, 0xfc,

  0xc8, 0x3c, 0x2f, 0x0d, 0xb6, 0xc4, 0x19, 0x06, 0xd8, 0x53, 0x07, 0xde,

  0xe1, 0xfd, 0x40, 0x03, 0xab, 0xb5, 0xab, 0x1e, 0xd9, 0x0c, 0xfa, 0x52,

  0x23, 0x30, 0x12, 0x5e, 0xf5, 0x0d, 0xda, 0xa4, 0xc7, 0x1f, 0xe6, 0xc6,

  0xb6, 0xff, 0x41, 0x36, 0x04, 0x1d, 0xf5, 0x81, 0xf3, 0xeb, 0x3a, 0x38,

  0xda, 0xd2, 0x1d, 0x24, 0xc1, 0xc0, 0x48, 0xd8, 0x1d, 0xf1, 0x0d, 0xf9,

  0xf2, 0xf1, 0x05, 0x00, 0xb3, 0xaa, 0x94, 0x0f, 0x01, 0x20, 0xc2, 0x18,

  0x15, 0xd4, 0xe3, 0xda, 0xb1, 0xe9, 0xc6, 0x10, 0xba, 0xe1, 0x96, 0xc6,

  0x4a, 0xe9, 0x2c, 0x25, 0xc9, 0xa9, 0xd1, 0xb3, 0x13, 0x47, 0xca, 0x2e,

  0x20, 0x5d, 0xf8, 0x3c, 0x23, 0xce, 0xbd, 0x9f, 0xd5, 0xf6, 0xdf, 0xb9,

  0x31, 0xbb, 0x4b, 0x47, 0xf0, 0xaa, 0xed, 0xc5, 0x18, 0x30, 0xdd, 0xea,

  0xef, 0x49, 0x36, 0x41, 0xed, 0x39, 0xcf, 0x20, 0x26, 0xb9, 0xbb, 0xe3,

  0xf4, 0x0a, 0xed, 0x10, 0xf2, 0x2c, 0x21, 0xe1, 0x1c, 0x4b, 0x10, 0xf9,

  0xe1, 0xc6, 0x3d, 0x16, 0xf9, 0x26, 0xd9, 0xaf, 0x2e, 0x65, 0x10, 0x25,

  0xfa, 0x93, 0x06, 0xd7, 0xb6, 0xde, 0x1b, 0x27, 0x2e, 0x4e, 0x0a, 0xe7,

  0xe3, 0xdc, 0x10, 0xfd, 0x02, 0xc1, 0x06, 0x43, 0xb6, 0x05, 0xae, 0x4f,

  0xfc, 0xff, 0x14, 0xfa, 0xb1, 0x25, 0xa5, 0xe7, 0x4b, 0x49, 0xf7, 0x45,

  0xf8, 0x16, 0x2b, 0xca, 0xe3, 0xf3, 0x0b, 0x3d, 0x26, 0x2e, 0xf4, 0xfc,

  0x04, 0xbc, 0xef, 0x01, 0x28, 0xc4, 0x8f, 0xe4, 0xd7, 0x48, 0x02, 0xd8,

  0xd6, 0xe4, 0x23, 0x3d, 0xc5, 0xb8, 0xcf, 0x10, 0x12, 0xe7, 0xc3, 0x3c,

  0xc9, 0xf1, 0x4e, 0x67, 0x09, 0x36, 0xf6, 0xf3, 0x23, 0x5b, 0x7f, 0x35,

  0x06, 0x10, 0x13, 0x12, 0xec, 0xa4, 0xb2, 0xf9, 0xbe, 0x06, 0xc6, 0x6b,

  0x15, 0xe0, 0x00, 0xca, 0xd5, 0x28, 0x83, 0x1e, 0xed, 0x0f, 0x39, 0x24,

  0x16, 0x20, 0x46, 0x20, 0x1d, 0xc7, 0x1b, 0x0f, 0x3b, 0x39, 0xb1, 0x0f,

  0x49, 0xbe, 0x30, 0x0a, 0xd6, 0xcc, 0x29, 0x32, 0x4c, 0x14, 0x46, 0xe3,

  0x04, 0xd6, 0x1b, 0xc7, 0x05, 0xf7, 0x00, 0x03, 0xa4, 0x2d, 0x25, 0xbc,

  0x4d, 0xd2, 0x2b, 0x08, 0xbb, 0xc0, 0x17, 0xb9, 0x31, 0x1d, 0x4c, 0x29,

  0xeb, 0xf8, 0xfa, 0x21, 0xeb, 0xd1, 0xf5, 0x0d, 0xa9, 0x42, 0x0e, 0xd1,

  0xe6, 0xed, 0x71, 0xdd, 0x3f, 0x3b, 0xea, 0xe6, 0x41, 0xec, 0x1c, 0x00,

  0x20, 0x0b, 0x55, 0xf2, 0x0b, 0x16, 0xcf, 0x22, 0xe1, 0xff, 0xd6, 0xe7,

  0xec, 0xf8, 0x0e, 0x35, 0x03, 0xe0, 0xe6, 0x12, 0xe1, 0xf1, 0x3b, 0x1a,

  0x04, 0x02, 0x23, 0xc9, 0xdf, 0x13, 0x25, 0xfb, 0x15, 0xdd, 0x16, 0xc5,

  0xe1, 0xaf, 0x03, 0x4a, 0xf3, 0x12, 0xb5, 0xf9, 0xfd, 0x6b, 0x38, 0x10,

  0x16, 0x3c, 0x5f, 0xd6, 0x1a, 0x2b, 0xe6, 0xde, 0x3e, 0x81, 0x02, 0x28,

  0x43, 0x0f, 0xe4, 0xf2, 0x03, 0x62, 0x3c, 0xed, 0xbb, 0xe4, 0x36, 0xe5,

  0xc7, 0xd8, 0xa7, 0xf2, 0x3a, 0xf4, 0x43, 0xd7, 0x57, 0xa8, 0x5b, 0xfc,

  0x0a, 0xed, 0xdf, 0xce, 0x6d, 0xf3, 0x20, 0x34, 0x1c, 0xf0, 0x09, 0x31,

  0x0d, 0xee, 0xcb, 0x07, 0x43, 0xdb, 0x00, 0xbc, 0x2b, 0xd5, 0xc8, 0x25,

  0x30, 0x25, 0xbb, 0x1f, 0x13, 0xf9, 0x18, 0x3b, 0x06, 0xda, 0xee, 0x2a,

  0xc3, 0xed, 0xa9, 0x12, 0x28, 0x2e, 0xc4, 0x02, 0xff, 0xe7, 0x23, 0xdd,

  0x23, 0x25, 0xe2, 0x16, 0xf4, 0x29, 0x60, 0xf1, 0x27, 0x00, 0xed, 0x22,

  0x30, 0xb8, 0xd6, 0xc1, 0xfa, 0xf2, 0xcc, 0xe8, 0xd3, 0xe8, 0x05, 0xd3,

  0xdd, 0x0c, 0x06, 0xf3, 0x12, 0x3d, 0x3c, 0x41, 0xe2, 0x16, 0xf0, 0x18,

  0xfd, 0xfc, 0x01, 0xbc, 0x30, 0xd7, 0xfb, 0x16, 0x03, 0xe0, 0x2b, 0x2f,

  0xb2, 0xfb, 0xed, 0x08, 0x35, 0xde, 0xee, 0x3d, 0xcc, 0x1d, 0x19, 0x04,

  0xf3, 0xf5, 0xd0, 0x0d, 0x2a, 0xf6, 0xb7, 0x35, 0x06, 0x39, 0x2c, 0xe4,

  0x2d, 0x6d, 0xc3, 0xba, 0x0d, 0x0f, 0xff, 0x56, 0xde, 0x13, 0x1c, 0xda,

  0xb8, 0xd4, 0xf5, 0x41, 0x2d, 0xd9, 0x16, 0xf0, 0x0e, 0xcd, 0x20, 0x39,

  0x33, 0x1d, 0xc4, 0x12, 0xe8, 0x3c, 0xf3, 0xfe, 0xc9, 0xcc, 0x0e, 0xf1,

  0xf3, 0xf2, 0xd4, 0xd4, 0x44, 0x17, 0xd8, 0x2b, 0xdf, 0xce, 0x1e, 0x21,

  0x27, 0x22, 0xc9, 0x36, 0x02, 0xcc, 0xcc, 0x1c, 0xe1, 0x19, 0x0a, 0xf7,

  0xd0, 0xdc, 0xda, 0xd5, 0x1d, 0x1c, 0x22, 0xee, 0x13, 0xdb, 0x1a, 0xfd,

  0xfa, 0xf5, 0xf7, 0x04, 0xed, 0x1c, 0x33, 0x0c, 0x22, 0xc8, 0x33, 0xf7,

  0xda, 0xb9, 0xa1, 0xda, 0xdd, 0xde, 0xcf, 0x16, 0x38, 0xcc, 0x16, 0x00,

  0xb5, 0x18, 0xcb, 0x23, 0x0d, 0x2f, 0xc3, 0x0e, 0xfe, 0xaf, 0xcf, 0x0a,

  0xcb, 0x3c, 0x0e, 0xe5, 0x4a, 0x16, 0x32, 0x16, 0xef, 0xfd, 0x09, 0xff,

  0xca, 0x1a, 0xec, 0xdf, 0xe6, 0x1b, 0xf7, 0xfd, 0x01, 0xf9, 0xfb, 0xf0,

  0xf7, 0x08, 0x0c, 0xcf, 0xe9, 0xfb, 0x01, 0x1e, 0xed, 0xd8, 0x27, 0xfd,

  0xfa, 0x18, 0xb7, 0x11, 0xcf, 0x0f, 0x44, 0x42, 0x19, 0xc8, 0xe4, 0xc8,

  0xb0, 0x1a, 0xd7, 0xfd, 0xd9, 0x23, 0xf9, 0xff, 0x24, 0xf6, 0xcf, 0x00,

  0xee, 0x0f, 0x27, 0x26, 0x37, 0xdd, 0x14, 0xfb, 0x07, 0xf1, 0x2a, 0x09,

  0xf2, 0xcc, 0xc5, 0xcb, 0x12, 0xd9, 0xbd, 0x28, 0xc6, 0xe8, 0x0f, 0xfd,

  0xc6, 0x11, 0xf3, 0x53, 0x12, 0x36, 0x26, 0x30, 0x03, 0xb8, 0xf1, 0xf3,

  0xfb, 0xac, 0xcc, 0xcf, 0x3d, 0x04, 0xcf, 0xf8, 0xfc, 0x41, 0x18, 0xe5,

  0x1b, 0x1f, 0x26, 0xeb, 0x2e, 0x49, 0xfb, 0xf6, 0xc1, 0xdb, 0xfd, 0xf9,

  0xef, 0xe9, 0xd4, 0xd3, 0x11, 0x1b, 0xf9, 0x37, 0x12, 0xbd, 0x2b, 0x1e,

  0xff, 0x7f, 0xe4, 0x08, 0xee, 0x20, 0xe3, 0x17, 0xe2, 0xd1, 0xe6, 0x08,

  0xb0, 0xfa, 0x08, 0x2e, 0x00, 0xc9, 0xf3, 0xec, 0x18, 0xe9, 0xf1, 0xd9,

  0xe1, 0x1e, 0x00, 0xee, 0x19, 0x0b, 0xf6, 0x1f, 0x12, 0xf1, 0xd3, 0xbb,

  0xe2, 0xec, 0xfa, 0xda, 0xf4, 0xd0, 0x35, 0xb5, 0x31, 0xe1, 0xbe, 0x4d,

  0x29, 0xe9, 0xd1, 0x43, 0xaa, 0x2f, 0x05, 0x91, 0xf1, 0x1d, 0xd6, 0x16,

  0x23, 0x42, 0xdf, 0x0a, 0xba, 0x22, 0xd7, 0xdc, 0x39, 0xb9, 0x98, 0xa0,

  0x02, 0xdc, 0x27, 0xf8, 0x1d, 0xab, 0xba, 0xcc, 0x32, 0x2b, 0xb4, 0xe4,

  0xed, 0x5b, 0xf6, 0x7f, 0x29, 0xc9, 0xd8, 0xe5, 0x1c, 0x69, 0x09, 0x1a,

  0xd7, 0x04, 0x09, 0x20, 0x9d, 0x83, 0x91, 0xdf, 0x10, 0xe2, 0x0e, 0xdc,

  0xdb, 0x1c, 0xb4, 0xdb, 0xfd, 0x61, 0xa1, 0xb0, 0xd7, 0x37, 0x9b, 0xcc,

  0x20, 0x07, 0xf9, 0xbe, 0xd5, 0xea, 0xf1, 0xc3, 0x31, 0x05, 0x12, 0x43,

  0x93, 0x69, 0xf3, 0x60, 0xa4, 0x02, 0xad, 0xd2, 0x07, 0x98, 0xaf, 0x0a,

  0xff, 0xda, 0x23, 0x33, 0x0f, 0xbe, 0xba, 0x83, 0x0f, 0x05, 0x94, 0x3b,

  0x46, 0x0b, 0x2b, 0x5d, 0x34, 0xd6, 0xef, 0xa0, 0x2a, 0xc8, 0xcf, 0x12,

  0xd5, 0xf2, 0x97, 0x2e, 0x1e, 0xbe, 0xe8, 0xcd, 0x40, 0xd5, 0x1a, 0xa0,

  0xa6, 0x7d, 0x13, 0x35, 0xcc, 0xe0, 0xf8, 0xde, 0xb1, 0xb4, 0xf1, 0x3d,

  0xd9, 0xc0, 0xa9, 0x32, 0xc4, 0x8b, 0x8d, 0x22, 0xfa, 0xeb, 0x99, 0x17,

  0x3d, 0x77, 0xe7, 0x0f, 0xbf, 0x33, 0xa1, 0xf1, 0xf7, 0xe1, 0xcb, 0xea,

  0xc6, 0xea, 0xe1, 0x08, 0xd5, 0x2a, 0x87, 0xea, 0xf0, 0x1d, 0x2b, 0xab,

  0x23, 0xf1, 0xfd, 0x4f, 0xf2, 0x54, 0xa6, 0xd7, 0xbf, 0x42, 0xc8, 0x0d,

  0xfc, 0x1b, 0x2f, 0x9c, 0x42, 0x06, 0x9e, 0x9d, 0xc9, 0xf4, 0x09, 0x99,

  0x4b, 0x23, 0xd6, 0x67, 0xd6, 0x2e, 0xfe, 0xc3, 0xfe, 0xa5, 0x8f, 0x2d,

  0x4c, 0x2d, 0x34, 0x0b, 0x9c, 0xc2, 0xa2, 0x25, 0xda, 0x30, 0x32, 0xaf,

  0x3d, 0x5c, 0x25, 0xc8, 0xa6, 0x2d, 0x52, 0xae, 0xd2, 0x8f, 0x08, 0xfc,

  0xc4, 0xb6, 0xef, 0x3d, 0x02, 0xc2, 0xa1, 0xb7, 0xcc, 0xe4, 0x26, 0x11,

  0xe4, 0x37, 0x3a, 0x5b, 0xa7, 0xdd, 0xce, 0x36, 0xc8, 0x13, 0x0e, 0x38,

  0xfa, 0x26, 0x0a, 0xca, 0xe8, 0xcb, 0xf3, 0x0f, 0x3a, 0x2f, 0xf8, 0x5a,

  0xe4, 0x28, 0x36, 0x4c, 0x26, 0x44, 0x37, 0x15, 0x07, 0x04, 0x0c, 0xb9,

  0xd0, 0x2e, 0x05, 0xe0, 0xa7, 0xae, 0x92, 0xb0, 0xd3, 0xf6, 0xfe, 0x20,

  0x22, 0x46, 0x3c, 0xd0, 0xd7, 0x16, 0xbe, 0xb3, 0xb9, 0x25, 0x02, 0xdc,

  0x27, 0x19, 0x24, 0xc2, 0x28, 0xf8, 0xb4, 0xe3, 0x25, 0x13, 0x34, 0xc6,

  0xb3, 0xc9, 0xdf, 0xe5, 0xf0, 0x21, 0xb2, 0xcd, 0xc5, 0x3f, 0xea, 0xfe,

  0xbd, 0xb3, 0xcc, 0xe6, 0xe7, 0x56, 0xcd, 0xd8, 0x32, 0xf4, 0xe5, 0xfb,

  0x35, 0xf1, 0xcb, 0xd7, 0xe4, 0xfa, 0xf0, 0xc8, 0x81, 0x11, 0x9d, 0xdd,

  0x5b, 0x01, 0xf4, 0xe3, 0xe2, 0x90, 0x96, 0x20, 0x45, 0xde, 0x32, 0xa4,

  0x38, 0x57, 0xd4, 0xf8, 0x33, 0x58, 0x13, 0xc5, 0xae, 0x8a, 0xb0, 0x2d,

  0x09, 0xd3, 0xfa, 0x21, 0x0d, 0xd3, 0x0a, 0x9b, 0xe6, 0xb5, 0xb4, 0xc8,

  0x27, 0x1e, 0x56, 0xe1, 0x0d, 0x0e, 0xf5, 0xa6, 0xf0, 0xc1, 0xdb, 0xb0,

  0x77, 0x91, 0xfe, 0x28, 0xa7, 0xd8, 0x24, 0xe9, 0x33, 0x51, 0x07, 0x0e,

  0x00, 0x51, 0x41, 0xd5, 0x32, 0xa3, 0x1f, 0x23, 0xa7, 0x37, 0x82, 0x19,

  0xbc, 0xe7, 0x2d, 0x4a, 0xd3, 0xe1, 0x81, 0xed, 0x49, 0x28, 0x0d, 0x46,

  0xfa, 0xff, 0x58, 0xff, 0xf0, 0xe5, 0xf0, 0xf8, 0xcb, 0x45, 0xca, 0x10,

  0x3b, 0xf9, 0xe8, 0xcf, 0xf6, 0x13, 0xd7, 0xe9, 0x3a, 0x2e, 0x35, 0xf6,

  0xe5, 0xff, 0x2d, 0x01, 0x14, 0x05, 0xc4, 0xf1, 0xe4, 0xe8, 0xeb, 0x2a,

  0x1e, 0xdf, 0x65, 0x54, 0x11, 0x21, 0xb2, 0xf6, 0x16, 0x75, 0x21, 0x31,

  0xfe, 0x1b, 0xfd, 0xce, 0x30, 0xbf, 0x0a, 0x07, 0x19, 0x08, 0xbb, 0xff,

  0x22, 0xd6, 0x27, 0xef, 0x3d, 0x3d, 0x0a, 0xba, 0x33, 0x0c, 0xf4, 0x49,

  0x27, 0x2d, 0x58, 0x00, 0x00, 0x1a, 0x14, 0xf0, 0xf2, 0xe6, 0x20, 0x2d,

  0x2f, 0xe5, 0x00, 0x4a, 0xe2, 0x06, 0xf4, 0x2c, 0xd0, 0x37, 0x3c, 0x1b,

  0xee, 0x1e, 0x00, 0xc3, 0x10, 0xb9, 0xac, 0x46, 0xbc, 0x35, 0xd6, 0x3e,

  0xd3, 0xb2, 0x09, 0xd9, 0xc8, 0x36, 0xbd, 0x04, 0x62, 0x2d, 0x22, 0x48,

  0x00, 0xe8, 0x3a, 0xe9, 0xed, 0x20, 0xee, 0x0c, 0xc8, 0xe2, 0x0f, 0xdf,

  0xfa, 0xa9, 0x3a, 0x0b, 0xe1, 0xe4, 0xfd, 0xfa, 0xd9, 0x4d, 0x19, 0x01,

  0x08, 0x01, 0x16, 0x29, 0x0c, 0xc5, 0x12, 0x36, 0xc2, 0x23, 0xf0, 0x23,

  0x10, 0xc9, 0x0f, 0x2a, 0x40, 0x01, 0xc5, 0xad, 0x13, 0xef, 0x26, 0x1d,

  0x04, 0x09, 0xf7, 0x0f, 0x28, 0x16, 0xff, 0xeb, 0x06, 0x24, 0x14, 0xd4,

  0xe4, 0xfc, 0xfc, 0xfd, 0xd2, 0x12, 0xd5, 0xf8, 0x24, 0x1a, 0x41, 0x21,

  0x24, 0x21, 0x29, 0xf1, 0xd5, 0xfc, 0x35, 0xb6, 0x28, 0x0a, 0xde, 0x1b,

  0x1c, 0x3b, 0xc4, 0xd8, 0xf6, 0x7e, 0x09, 0x26, 0xfc, 0xe2, 0x36, 0xce,

  0x10, 0xc0, 0xc9, 0xa8, 0x4a, 0x44, 0xdb, 0x1f, 0x5f, 0xe3, 0x16, 0xfe,

  0xbc, 0x38, 0x05, 0x17, 0x50, 0x22, 0x12, 0x2a, 0xd3, 0xd4, 0xb6, 0x32,

  0x39, 0xf3, 0xcb, 0x97, 0xf8, 0xc8, 0x1b, 0xc3, 0xd1, 0x00, 0xf1, 0x0a,

  0xe9, 0xfa, 0xbe, 0xf2, 0x5f, 0x1b, 0x37, 0x1c, 0xb3, 0xf2, 0x0a, 0xf9,

  0xcd, 0xf4, 0xae, 0xf9, 0x1c, 0x0b, 0xd1, 0xe2, 0xef, 0xc5, 0x1d, 0xe0,

  0x20, 0x49, 0xc8, 0xfd, 0x35, 0x23, 0x3f, 0x4c, 0x03, 0x16, 0x08, 0xc0,

  0xeb, 0x2d, 0xae, 0x11, 0xf9, 0xe5, 0xc1, 0x4d, 0x4a, 0xf6, 0xde, 0xc3,

  0x21, 0x1b, 0xc6, 0xad, 0xcc, 0xe4, 0x53, 0x23, 0x0c, 0xa9, 0xbd, 0x2d,

  0x34, 0xb0, 0xc0, 0xb3, 0x02, 0xd9, 0xd9, 0xce, 0x3d, 0xd1, 0x42, 0x1d,

  0x10, 0x55, 0x00, 0x3b, 0x1b, 0x39, 0xf2, 0x31, 0xf6, 0x06, 0x0f, 0x1c,

  0xe9, 0x12, 0xeb, 0xb2, 0x2e, 0xd5, 0x14, 0x32, 0x1a, 0xe7, 0x07, 0xe9,

  0x16, 0x14, 0x0e, 0x06, 0x37, 0xfe, 0x46, 0x15, 0xe1, 0xf1, 0x00, 0x07,

  0xba, 0x1d, 0x81, 0xdc, 0xe5, 0x25, 0xc0, 0x5d, 0x09, 0x16, 0x58, 0xf8,

  0x08, 0x11, 0xdd, 0xc0, 0xe7, 0xda, 0xea, 0xf6, 0x08, 0xea, 0xfc, 0x1e,

  0x96, 0xbb, 0x21, 0x09, 0x46, 0xfa, 0xab, 0x4b, 0xce, 0xd2, 0x0f, 0x29,

  0xdb, 0x13, 0xf1, 0x18, 0xfd, 0xcd, 0x10, 0x3e, 0xb8, 0xe5, 0xc2, 0x18,

  0x00, 0xbc, 0xf9, 0x12, 0x1b, 0x30, 0xa4, 0x9a, 0xf0, 0x20, 0xcc, 0x42,

  0xcf, 0xca, 0xd3, 0xd0, 0x02, 0x27, 0x1d, 0x29, 0xd9, 0x01, 0xc7, 0x27,

  0x45, 0x1f, 0x21, 0x2e, 0xf2, 0x62, 0xb6, 0xbc, 0x22, 0x90, 0xe7, 0x1a,

  0xc3, 0xad, 0x28, 0xc3, 0x1b, 0x4a, 0x01, 0xd9, 0x09, 0x1b, 0xbb, 0x37,

  0x15, 0x1d, 0x3b, 0xc1, 0x32, 0x4d, 0xc7, 0xf7, 0xe1, 0x0c, 0xa5, 0xa2,

  0x48, 0x11, 0x29, 0xef, 0x9f, 0x9c, 0x07, 0xca, 0x04, 0x1d, 0x96, 0xcd,

  0x24, 0x1d, 0x44, 0x36, 0xde, 0x05, 0xb7, 0xbd, 0xd8, 0xb1, 0xd0, 0x2e,

  0xfe, 0xcf, 0xb5, 0x0c, 0xa0, 0xbd, 0x90, 0x87, 0xe3, 0xf6, 0xa4, 0x30,

  0x49, 0x50, 0x19, 0x67, 0xe3, 0xeb, 0xf7, 0x8d, 0x0d, 0x2d, 0x13, 0xc3,

  0xb5, 0x0e, 0xee, 0x1e, 0xf6, 0x02, 0xf9, 0xf5, 0xa0, 0xe4, 0xac, 0x07,

  0xc5, 0xb9, 0x3a, 0x0b, 0x2f, 0xcf, 0xb2, 0xad, 0x13, 0x23, 0x84, 0x17,

  0x23, 0x1d, 0x12, 0xcb, 0x1f, 0xdf, 0xb4, 0xdb, 0xec, 0x2a, 0x25, 0x13,

  0xaf, 0x66, 0xf2, 0xf2, 0x49, 0x2c, 0x0e, 0xfc, 0xae, 0xb4, 0x92, 0x06,

  0xdc, 0xd5, 0xee, 0x3f, 0x06, 0xa0, 0x9e, 0x37, 0x3d, 0x7d, 0xdd, 0xde,

  0x0b, 0x20, 0x0e, 0x68, 0x9e, 0x4b, 0x4d, 0xc8, 0xa5, 0x81, 0xba, 0xa2,

  0x53, 0x03, 0xec, 0xcf, 0x9c, 0xf3, 0x22, 0xba, 0x17, 0xbe, 0x41, 0xb7,

  0x20, 0x4f, 0xc3, 0xbc, 0x2d, 0xc3, 0x58, 0xb1, 0x08, 0xca, 0xf9, 0x32,

  0x5f, 0xfa, 0xb3, 0xf1, 0xe1, 0xd6, 0x00, 0x2e, 0xef, 0x52, 0x07, 0xcc,

  0x0a, 0x4d, 0xf6, 0x0c, 0xf8, 0x70, 0x32, 0xb5, 0x04, 0xda, 0xc1, 0x9c,

  0xa8, 0x12, 0x0c, 0x1d, 0xdf, 0x13, 0x10, 0x0e, 0x21, 0x43, 0xa6, 0xed,

  0x00, 0xef, 0x2d, 0x17, 0x06, 0x03, 0xdd, 0xd2, 0xb3, 0xd0, 0xea, 0xa6,

  0x49, 0xdb, 0x30, 0x40, 0x32, 0xb6, 0xde, 0x86, 0xd3, 0x12, 0x3e, 0xfb,

  0x28, 0xef, 0xc2, 0x23, 0xbf, 0x6b, 0x55, 0x12, 0x91, 0x2b, 0xde, 0x16,

  0xe7, 0x4a, 0xe5, 0xae, 0xa8, 0x0c, 0xa6, 0xd3, 0xed, 0x5b, 0x06, 0x95,

  0x22, 0x0d, 0xd7, 0x50, 0xe5, 0x4a, 0xeb, 0xe3, 0xf7, 0x1e, 0x18, 0xf3,

  0xbc, 0x22, 0x2e, 0xe0, 0xca, 0xd6, 0x02, 0xe2, 0xbe, 0x56, 0x29, 0x0e,

  0x09, 0xcf, 0x32, 0xf4, 0x8a, 0x23, 0xe4, 0xf6, 0x0d, 0x15, 0xd6, 0x33,

  0xfd, 0xf1, 0xcf, 0x3e, 0x91, 0xdb, 0x07, 0xeb, 0xfd, 0xf8, 0xbd, 0x2e,

  0xcb, 0xd3, 0xd5, 0x32, 0xc9, 0x2c, 0x2b, 0xa7, 0xec, 0x18, 0x96, 0x1d,

  0x01, 0xf8, 0xba, 0x05, 0x05, 0xba, 0xe5, 0xcd, 0x17, 0x1a, 0x1b, 0x40,

  0xf0, 0x12, 0x2b, 0xc7, 0x01, 0xee, 0xdb, 0xe8, 0x0a, 0x90, 0xd1, 0x33,

  0xe2, 0xc9, 0xf5, 0xce, 0xa3, 0xa4, 0x94, 0x3b, 0x3c, 0x61, 0xd0, 0xe6,

  0xf3, 0x61, 0x0d, 0x16, 0xdb, 0x50, 0x08, 0x28, 0x85, 0xa5, 0x81, 0x12,

  0x4f, 0x02, 0xb5, 0xd4, 0xd4, 0x92, 0xa2, 0x0b, 0xc9, 0xde, 0x31, 0xa0,

  0x3a, 0xc1, 0x20, 0xd4, 0x58, 0xe1, 0x52, 0x04, 0xd2, 0x3e, 0xfe, 0x9d,

  0x6b, 0xc6, 0x04, 0xf0, 0xf9, 0x24, 0x12, 0xa4, 0x14, 0x10, 0x13, 0x17,

  0x04, 0xe1, 0xdb, 0x6d, 0x17, 0xaf, 0x21, 0x5e, 0xe4, 0xfd, 0xde, 0xfc,

  0x01, 0x81, 0x0c, 0x33, 0xc1, 0x07, 0xfc, 0xea, 0xec, 0x36, 0x09, 0x50,

  0xe9, 0x2e, 0x2e, 0xe0, 0x05, 0x10, 0xe1, 0x2c, 0xf2, 0x5c, 0xfd, 0xd3,

  0x11, 0xc5, 0x31, 0x07, 0xc1, 0x0b, 0x04, 0x0f, 0xdd, 0x14, 0x35, 0x25,

  0xde, 0x4d, 0x29, 0xcc, 0xdb, 0xdc, 0xc2, 0x17, 0xf1, 0x17, 0xda, 0x2f,

  0xd2, 0xf8, 0x01, 0x32, 0x30, 0x2b, 0xd8, 0xd6, 0x36, 0x27, 0x23, 0x31,

  0x14, 0x2c, 0xfc, 0xbf, 0x4a, 0x0f, 0xc8, 0x26, 0x19, 0x3d, 0xf4, 0x23,

  0xe6, 0xf2, 0x1b, 0x40, 0x06, 0x04, 0xf6, 0x1a, 0xe2, 0xdd, 0x46, 0x0c,

  0xe2, 0x2b, 0xf4, 0x1e, 0xf1, 0xee, 0xbd, 0x2b, 0xba, 0xeb, 0xec, 0x34,

  0xd6, 0xf4, 0x3b, 0xf2, 0xf2, 0xe4, 0xe2, 0xfc, 0x1b, 0x32, 0x42, 0x37,

  0x06, 0xe3, 0x4b, 0x18, 0x4d, 0xf3, 0xcd, 0xd9, 0xdc, 0x44, 0xd7, 0xea,

  0x25, 0xae, 0xf4, 0x33, 0xd9, 0xe1, 0xe4, 0x1e, 0xfc, 0x06, 0x41, 0x47,

  0x02, 0x37, 0x45, 0xe5, 0xbf, 0xed, 0xce, 0x41, 0x0e, 0x17, 0xdc, 0x13,

  0xd6, 0xb2, 0x17, 0x4c, 0xdb, 0x04, 0x9d, 0xb1, 0xe7, 0x08, 0x40, 0xf7,

  0x3d, 0x5c, 0x5b, 0x19, 0x14, 0xda, 0x36, 0x27, 0xff, 0x25, 0x03, 0x3a,

  0xc3, 0x05, 0x10, 0x28, 0x26, 0xf3, 0xdc, 0xba, 0x07, 0xee, 0x1b, 0xdf,

  0x1d, 0x18, 0xf2, 0xc7, 0xe9, 0xec, 0xde, 0xca, 0xfa, 0x3b, 0xdb, 0x23,

  0x0d, 0xee, 0x52, 0xd8, 0xcb, 0x32, 0xb4, 0xd7, 0x54, 0x3a, 0x02, 0x18,

  0x21, 0x2e, 0x10, 0x14, 0x46, 0x03, 0xea, 0xfd, 0x4a, 0xd8, 0x33, 0xf2,

  0xd6, 0xe5, 0xb4, 0xce, 0x19, 0x4a, 0x16, 0xe9, 0xf0, 0x11, 0x2e, 0x1b,

  0xde, 0x07, 0xe2, 0xcf, 0x26, 0x32, 0x02, 0xd3, 0x26, 0xfa, 0xed, 0xc2,

  0xdf, 0x1f, 0x0a, 0x0b, 0x45, 0xd3, 0xf5, 0x2c, 0xd8, 0x0b, 0xd4, 0x15,

  0xc2, 0xb4, 0x1b, 0xe1, 0x1a, 0x13, 0x3a, 0xb5, 0xed, 0xf4, 0x0a, 0x19,

  0xf5, 0x2a, 0xf4, 0x25, 0x33, 0x24, 0x20, 0xe4, 0xff, 0x81, 0x39, 0x1f,

  0xe1, 0xab, 0xc8, 0xb3, 0x3e, 0xdb, 0x06, 0xed, 0x35, 0xb8, 0xf8, 0x31,

  0x2a, 0x1e, 0xe0, 0x04, 0x0d, 0xee, 0x3b, 0xde, 0xfc, 0xcb, 0x3d, 0x0b,

  0xc4, 0xa9, 0x06, 0xe8, 0xda, 0xdb, 0xfb, 0x1a, 0x34, 0xc6, 0x25, 0xfc,

  0x26, 0x31, 0xb5, 0x18, 0x17, 0x02, 0x0f, 0x3a, 0xdb, 0xb7, 0x14, 0xf8,

  0xd8, 0xd0, 0xf9, 0xf7, 0x42, 0x18, 0xec, 0x28, 0xd3, 0xdb, 0xe8, 0xdd,

  0xc0, 0xfe, 0xe6, 0x53, 0x1f, 0xe5, 0xcb, 0x4f, 0x1d, 0x0e, 0x25, 0x09,

  0xf3, 0x00, 0xfb, 0xc1, 0xdf, 0x33, 0xc6, 0x2a, 0xdb, 0x2b, 0x44, 0xfb,

  0xe0, 0xef, 0x03, 0xdb, 0x47, 0x01, 0xfd, 0x0a, 0xe9, 0x11, 0x31, 0x20,

  0xef, 0xdf, 0xbf, 0x10, 0x29, 0xff, 0x00, 0x12, 0xd4, 0xd1, 0x06, 0x06,

  0x00, 0xfd, 0xec, 0x1a, 0x21, 0x2b, 0x4d, 0x31, 0xd9, 0xd1, 0xd5, 0xd8,

  0xd5, 0xd9, 0xc0, 0x1b, 0x1f, 0xdb, 0xc3, 0xf8, 0x2a, 0x17, 0x0f, 0xea,

  0xf0, 0x11, 0xb2, 0x1e, 0x05, 0x37, 0x2c, 0xfa, 0xd4, 0x06, 0xcc, 0x10,

  0xf3, 0xc2, 0xd0, 0x1e, 0x28, 0xcd, 0xe8, 0x29, 0x26, 0xc9, 0xd9, 0xb5,

  0xf4, 0x10, 0xb9, 0x25, 0x3a, 0x66, 0xf9, 0xf3, 0xa8, 0x1a, 0x05, 0xfd,

  0xd1, 0x14, 0xd4, 0x28, 0xa3, 0xdf, 0x0c, 0x2e, 0x29, 0x97, 0xda, 0x98,

  0xf4, 0x4e, 0x1a, 0xd9, 0x05, 0x13, 0xb6, 0x0b, 0xc3, 0xb7, 0xbf, 0x23,

  0x2c, 0xd5, 0xb4, 0x48, 0xa2, 0x0e, 0xf4, 0x32, 0x51, 0xf4, 0x37, 0x3f,

  0xf9, 0x47, 0xac, 0x97, 0x4e, 0xc9, 0x2e, 0x41, 0x0e, 0x1c, 0x0c, 0x07,

  0xc1, 0xf5, 0xdf, 0xf4, 0xf1, 0x35, 0xbf, 0x04, 0xc7, 0xbe, 0x9e, 0xa4,

  0x41, 0x43, 0x24, 0xbd, 0x38, 0x41, 0x98, 0xbd, 0xda, 0x34, 0xe3, 0xf5,

  0x41, 0x38, 0x0f, 0xfa, 0xd0, 0xf4, 0x18, 0x25, 0xee, 0xd0, 0xe1, 0xe4,

  0xa6, 0xdd, 0xd0, 0x08, 0x09, 0x1c, 0x19, 0xa9, 0xd7, 0x23, 0xd3, 0x1d,

  0x0b, 0x11, 0xd4, 0xe5, 0xb5, 0x17, 0xe5, 0x32, 0x1f, 0x19, 0x53, 0x3f,

  0xba, 0x4d, 0x0c, 0x26, 0x0e, 0x38, 0xaf, 0x49, 0x90, 0xed, 0x07, 0xf7,

  0xab, 0x01, 0xa3, 0xee, 0x07, 0x16, 0x36, 0x33, 0x96, 0x15, 0x16, 0x1f,

  0x08, 0x02, 0xed, 0xf7, 0x28, 0x02, 0xe1, 0x14, 0xcf, 0x29, 0xad, 0x21,

  0xc6, 0x51, 0xb9, 0x7f, 0x07, 0xdb, 0x05, 0xc7, 0x90, 0xa8, 0xe3, 0xca,

  0x28, 0x6f, 0x17, 0xbd, 0x31, 0x29, 0x26, 0xc0, 0xd6, 0xea, 0x1c, 0x3a,

  0xb7, 0xbd, 0x2d, 0x4a, 0xf2, 0x0d, 0xad, 0x45, 0xac, 0xe4, 0x0c, 0x16,

  0x0b, 0x7b, 0xbd, 0xfa, 0xb4, 0xf1, 0x10, 0xdb, 0xe7, 0xcd, 0xa0, 0xbc,

  0xf0, 0x1c, 0xec, 0x4d, 0xe0, 0x08, 0xd2, 0x1e, 0xfa, 0xa5, 0x29, 0x28,

  0xef, 0xd3, 0xcc, 0xcb, 0xec, 0x64, 0x49, 0xe9, 0xfe, 0x05, 0x08, 0x21,

  0xfb, 0xcb, 0xb5, 0xb5, 0xe1, 0x07, 0x02, 0x31, 0x0e, 0xbb, 0x10, 0xe8,

  0xdd, 0x35, 0xfe, 0xd6, 0x43, 0x36, 0x33, 0x06, 0x2a, 0xb5, 0x0f, 0x3e,

  0xf6, 0x25, 0xca, 0xe2, 0xe3, 0x07, 0x2e, 0xfd, 0x0a, 0xfc, 0x15, 0xe6,

  0x01, 0x43, 0xe7, 0xe9, 0x03, 0x49, 0x3f, 0x31, 0xd2, 0xd1, 0xc7, 0x20,

  0xc8, 0xbb, 0xf9, 0xe2, 0xd9, 0x36, 0xd0, 0xdf, 0x17, 0x24, 0x21, 0x13,

  0x19, 0xf3, 0xdb, 0xcf, 0x29, 0x21, 0x34, 0xd6, 0x32, 0x14, 0xec, 0xe4,

  0xc0, 0xd6, 0x00, 0x03, 0x2d, 0xe9, 0xcc, 0x31, 0x37, 0xdc, 0xdf, 0x1c,

  0x0b, 0x2b, 0x09, 0x0f, 0x39, 0x0f, 0xf3, 0x33, 0xed, 0x0b, 0xf0, 0xda,

  0xf8, 0xe2, 0xda, 0xad, 0x1d, 0x0c, 0xd6, 0xfa, 0xd1, 0xd7, 0x33, 0x01,

  0xed, 0xf8, 0x0b, 0xf6, 0x21, 0xe9, 0x3e, 0x34, 0x3a, 0xbf, 0xe2, 0xfe,

  0x0e, 0xc6, 0xb9, 0xc4, 0xd2, 0xfe, 0xe5, 0xeb, 0x2e, 0x1d, 0x5e, 0xe9,

  0xd4, 0xfd, 0xfa, 0xef, 0x2c, 0x15, 0xee, 0x3f, 0x0a, 0xe3, 0x1f, 0xec,

  0xd9, 0xf5, 0x81, 0xf6, 0x42, 0x0a, 0xd9, 0x49, 0xd8, 0x11, 0x08, 0x3d,

  0xc9, 0x44, 0xfa, 0xfe, 0x03, 0xe9, 0xf1, 0x0a, 0x2f, 0x0d, 0xee, 0x04,

  0xe2, 0xb9, 0xfe, 0x2f, 0x0f, 0x29, 0xfb, 0x40, 0xf7, 0x0d, 0xf5, 0xfe,

  0x2d, 0x3c, 0xc7, 0x35, 0xfd, 0x4a, 0xf1, 0x17, 0xe8, 0xf6, 0xcc, 0x06,

  0xdd, 0xb1, 0xe6, 0xe8, 0xd7, 0x4a, 0x45, 0x32, 0xe0, 0xd5, 0x0d, 0x21,

  0x1b, 0xe3, 0xbd, 0xe3, 0x23, 0xc5, 0xd7, 0x11, 0x3e, 0x1d, 0xd6, 0xfa,

  0x1b, 0xe0, 0xd5, 0xd1, 0xdd, 0xfe, 0x40, 0xba, 0x4f, 0x32, 0x9a, 0x00,

  0xd4, 0xd9, 0xf4, 0xea, 0x05, 0xdc, 0xc2, 0xbc, 0xb9, 0x40, 0x17, 0xd6,

  0x45, 0x0c, 0x25, 0xfd, 0x43, 0x55, 0xe5, 0xc9, 0xad, 0xf4, 0xd8, 0x1c,

  0xd7, 0x08, 0x09, 0xbc, 0xf2, 0x81, 0xcb, 0x09, 0x1a, 0x2b, 0xde, 0x1c,

  0x22, 0x40, 0xd2, 0xd1, 0x98, 0x24, 0xeb, 0xaf, 0x8e, 0x00, 0x82, 0xfe,

  0x35, 0x02, 0x31, 0xeb, 0x0e, 0xc7, 0x92, 0x89, 0xf1, 0x07, 0xff, 0xfd,

  0x13, 0xf1, 0x41, 0x3d, 0xb2, 0x10, 0x37, 0x1f, 0x22, 0xbf, 0x08, 0x16,

  0x67, 0x09, 0xe0, 0xa6, 0xcc, 0x9c, 0xe0, 0xd1, 0x1e, 0x4d, 0xe6, 0xdd,

  0xc0, 0xfb, 0x0e, 0xd7, 0xce, 0xcd, 0xe6, 0xaa, 0x20, 0x29, 0xb9, 0xb7,

  0xf3, 0xdc, 0xd3, 0xdc, 0xdc, 0xeb, 0xcb, 0x1f, 0xd0, 0x41, 0x9c, 0xff,

  0x09, 0x2d, 0x4f, 0xf1, 0x30, 0xf1, 0x35, 0x0f, 0xa8, 0x00, 0xb8, 0x26,

  0x71, 0xd2, 0xd2, 0xe0, 0xc3, 0x9f, 0xb3, 0xf5, 0x16, 0x2e, 0x34, 0xcc,

  0x40, 0xdb, 0xff, 0x21, 0x14, 0xe0, 0x00, 0xb8, 0x20, 0xa4, 0x88, 0xc6,

  0x5f, 0x98, 0xd6, 0x3e, 0x29, 0x20, 0xee, 0x03, 0x99, 0xe5, 0xc4, 0x5d,

  0x10, 0x12, 0x37, 0xef, 0xc7, 0x0f, 0x40, 0x1e, 0xcf, 0xf3, 0xf2, 0x22,

  0x61, 0x33, 0xc4, 0xfb, 0x43, 0xca, 0xf2, 0xa2, 0xd8, 0xd1, 0x3a, 0xd2,

  0x20, 0x4f, 0xfa, 0xca, 0xd9, 0xbd, 0xce, 0x37, 0x79, 0x8e, 0xf0, 0x2b,

  0xd2, 0x9a, 0x0e, 0x3b, 0x0d, 0x15, 0x24, 0xac, 0xfd, 0x08, 0x4c, 0xe0,

  0xb2, 0xa7, 0xf1, 0xd5, 0x0d, 0xc5, 0xd1, 0xce, 0xdf, 0xf6, 0x5f, 0xd9,

  0x3b, 0x29, 0xfe, 0xff, 0xd7, 0x2b, 0xc5, 0x32, 0x19, 0xa0, 0xe0, 0x3e,

  0x01, 0x27, 0xe3, 0x24, 0x3d, 0xcd, 0xdf, 0x27, 0xfd, 0xfc, 0xb8, 0xf5,

  0xf5, 0x26, 0x05, 0x0b, 0x51, 0x48, 0xd9, 0xe6, 0x2c, 0x15, 0xeb, 0xda,

  0x42, 0xff, 0xcd, 0x02, 0x4c, 0xb2, 0xc6, 0x3d, 0x2c, 0xd4, 0xd5, 0xc9,

  0x06, 0x2c, 0xd9, 0xee, 0x29, 0xcf, 0x1d, 0x10, 0x38, 0xf4, 0x2b, 0xd5,

  0x01, 0xde, 0x81, 0x14, 0x3f, 0x3f, 0xce, 0x3b, 0x45, 0xe1, 0x0b, 0x3c,

  0xbc, 0xbe, 0xb5, 0xda, 0x2a, 0x0a, 0x29, 0x56, 0x60, 0xf3, 0x00, 0x3a,

  0x01, 0xa3, 0x00, 0xde, 0x38, 0xf4, 0xcf, 0x0a, 0xdd, 0xf3, 0x12, 0xeb,

  0xcf, 0x2c, 0xca, 0x37, 0x58, 0x3e, 0x17, 0xff, 0xc3, 0xf3, 0x0b, 0xbe,

  0xce, 0x13, 0xbc, 0xef, 0xf2, 0x17, 0x22, 0x34, 0x54, 0x53, 0xf2, 0xd5,

  0x1a, 0xdd, 0xb0, 0xdb, 0x0f, 0xef, 0xe8, 0x1b, 0xf6, 0x0f, 0xf3, 0xf3,

  0x92, 0xa2, 0xdc, 0x0f, 0xbd, 0x37, 0xae, 0x30, 0x06, 0xf2, 0xf0, 0x3e,

  0xad, 0x2a, 0x1a, 0xf8, 0x40, 0xd8, 0xee, 0x64, 0x37, 0xd0, 0x0a, 0x22,

  0xff, 0x21, 0xe0, 0xb3, 0x59, 0xb8, 0xcd, 0x25, 0x3d, 0x21, 0x4b, 0xb3,

  0x0b, 0x3c, 0x29, 0x37, 0xed, 0xe2, 0x31, 0xde, 0x02, 0xdd, 0xf4, 0x10,

  0xff, 0xb0, 0xf2, 0xce, 0xd3, 0xe3, 0x04, 0x08, 0x5b, 0xdc, 0x34, 0xcd,

  0x24, 0x08, 0xe9, 0xde, 0x35, 0x7f, 0x30, 0xe7, 0xc7, 0xcc, 0xe5, 0x08,

  0xff, 0x00, 0xc8, 0x14, 0xdd, 0x23, 0xe2, 0x26, 0x11, 0xea, 0x01, 0x00,

  0x12, 0xff, 0xdb, 0xbf, 0x28, 0x54, 0x27, 0x20, 0xe9, 0x21, 0xde, 0x29,

  0x1d, 0xfb, 0xf6, 0xd5, 0x37, 0x1e, 0xf2, 0x1b, 0x17, 0xea, 0x00, 0xea,

  0xce, 0x41, 0xd5, 0xe1, 0xf2, 0x00, 0x28, 0x06, 0xd1, 0xcd, 0xf3, 0xf1,

  0x24, 0x15, 0xca, 0xe9, 0x02, 0xdd, 0xf9, 0x09, 0x15, 0x1a, 0x02, 0x27,

  0xfd, 0x0a, 0x14, 0xdd, 0x21, 0xf0, 0x36, 0xff, 0x0e, 0xdc, 0xda, 0xdc,

  0xe2, 0xff, 0xdf, 0xe9, 0x2a, 0x0d, 0xcb, 0xf7, 0x04, 0x0a, 0xdf, 0xe9,

  0xee, 0x05, 0xf0, 0x21, 0x31, 0xf8, 0x27, 0x22, 0x22, 0x16, 0x2e, 0xd1,

  0xd9, 0xde, 0xc2, 0x28, 0xfb, 0x18, 0xcc, 0x05, 0x06, 0xd5, 0x3e, 0x20,

  0xf8, 0x04, 0xe6, 0x0a, 0x0a, 0xf4, 0xf0, 0x16, 0xf4, 0xfe, 0x1b, 0xd6,

  0x0f, 0xd4, 0x05, 0x07, 0xfe, 0x08, 0xeb, 0x15, 0xf2, 0x11, 0x48, 0x06,

  0x1d, 0x66, 0x03, 0x27, 0x1b, 0x12, 0x13, 0x10, 0xfb, 0x1a, 0x0d, 0x1e,

  0xdd, 0x23, 0xe1, 0xe3, 0xff, 0xfc, 0x21, 0x24, 0x0f, 0xe1, 0x15, 0xca,

  0xfe, 0x1e, 0x0c, 0x19, 0xd2, 0xd6, 0xed, 0xf8, 0xbd, 0xee, 0xec, 0x16,

  0xf1, 0xf1, 0xe1, 0xbf, 0xf7, 0xde, 0xfc, 0x3d, 0x00, 0x08, 0x1c, 0x1d,

  0x0e, 0xfc, 0xea, 0xe4, 0xfb, 0xc9, 0x3e, 0x39, 0x10, 0xe0, 0xf8, 0xfe,

  0xd3, 0x07, 0xc1, 0x27, 0x2a, 0x07, 0x2b, 0x02, 0x19, 0x34, 0xc0, 0x21,

  0xcf, 0xbe, 0x2c, 0x05, 0xdd, 0xfb, 0xe1, 0x04, 0x21, 0xca, 0xfa, 0x34,

  0xef, 0x33, 0x16, 0xf0, 0x0a, 0xe9, 0xf7, 0xe3, 0xfb, 0xf7, 0x0a, 0x1e,

  0x09, 0x04, 0xf5, 0x29, 0x16, 0x17, 0xcf, 0x1d, 0x2a, 0xd9, 0x22, 0x00,

  0xe1, 0x2e, 0x0e, 0xdd, 0xdd, 0xfd, 0x31, 0xec, 0xdb, 0xe2, 0x27, 0x15,

  0x31, 0x1c, 0x2e, 0x29, 0xd9, 0x00, 0xdd, 0xde, 0x10, 0x1f, 0xf9, 0x00,

  0x30, 0x08, 0x01, 0xca, 0x00, 0x27, 0x07, 0x03, 0x06, 0x3e, 0xf5, 0xf0,

  0xe9, 0xbb, 0x37, 0x35, 0xd6, 0x1a, 0xe5, 0xfd, 0x0b, 0xf1, 0x08, 0xe7,

  0xda, 0xd9, 0x7f, 0x0c, 0x2d, 0xf8, 0xeb, 0x19, 0x00, 0xc9, 0x1c, 0x26,

  0xea, 0xe1, 0xfc, 0x22, 0x3b, 0xc9, 0x28, 0xef, 0xfc, 0xe1, 0xdc, 0x0b,

  0x0f, 0x06, 0x24, 0xd2, 0x1f, 0x1a, 0xf3, 0xd9, 0x1e, 0xc6, 0x17, 0xf0,

  0x1a, 0xf7, 0x21, 0x0b, 0xcd, 0x15, 0xee, 0xe4, 0x07, 0x21, 0x2e, 0x05,

  0xf0, 0x36, 0x16, 0x1b, 0xce, 0x17, 0xfc, 0x30, 0x21, 0xe8, 0x10, 0x06,

  0xfd, 0xd7, 0x4b, 0xeb, 0xf8, 0xc8, 0x23, 0x1d, 0x35, 0x1d, 0x2f, 0x29,

  0xe4, 0x04, 0x7b, 0xf1, 0xd5, 0xf5, 0xa1, 0x27, 0xef, 0xeb, 0xc7, 0x37,

  0xfc, 0xb9, 0xf3, 0x2a, 0xf1, 0x0f, 0xd2, 0xfb, 0x26, 0xee, 0x3d, 0x0e,

  0x11, 0x0b, 0xeb, 0xf2, 0x31, 0x0b, 0xe7, 0x0c, 0xfa, 0x19, 0xf9, 0x10,

  0xef, 0xee, 0x1c, 0x1d, 0x1a, 0x13, 0xc7, 0xc5, 0x08, 0x15, 0x06, 0xfe,

  0xf2, 0x18, 0x3c, 0xef, 0xca, 0x05, 0xa6, 0xbb, 0x17, 0xe2, 0xd9, 0xba,

  0xd7, 0x06, 0x2d, 0x29, 0xcc, 0x2a, 0xba, 0x9f, 0xff, 0x6e, 0xf9, 0xcb,

  0x29, 0x4a, 0x3a, 0x22, 0xff, 0x3f, 0x27, 0x1d, 0x98, 0xd7, 0xb0, 0x0a,

  0x43, 0xdd, 0xef, 0x31, 0xc1, 0xe4, 0xf1, 0x12, 0x15, 0x01, 0xc5, 0xc7,

  0x3d, 0xb6, 0x3b, 0x00, 0x3b, 0x15, 0xfe, 0x07, 0xd4, 0x09, 0xf6, 0xbd,

  0xd1, 0x0f, 0x17, 0xdd, 0xbd, 0xa7, 0x06, 0xa1, 0xd8, 0xc2, 0x37, 0x11,

  0x3a, 0x49, 0x03, 0x4a, 0x11, 0x05, 0xe8, 0xee, 0xe3, 0xfb, 0xda, 0xce,

  0x5e, 0xc0, 0xe8, 0x12, 0xd0, 0xc9, 0xdb, 0xac, 0x1a, 0x14, 0x0f, 0xd2,

  0x12, 0x05, 0xe3, 0xf9, 0x0e, 0x13, 0x09, 0x20, 0x28, 0x96, 0xe6, 0x06,

  0x35, 0xd5, 0x3f, 0xe8, 0xc2, 0x0c, 0xeb, 0x8c, 0xd2, 0xce, 0x38, 0x35,

  0xe8, 0xed, 0xe9, 0xed, 0xe4, 0x31, 0x1a, 0xd3, 0x9d, 0x1b, 0xa0, 0x04,

  0xe4, 0x1f, 0xe1, 0xd4, 0x34, 0xf5, 0xc7, 0x9c, 0xa0, 0x31, 0xf5, 0xed,

  0x2d, 0xed, 0x33, 0x3b, 0x1d, 0x28, 0x17, 0xd4, 0x0e, 0x41, 0xb5, 0xe9,

  0xc3, 0xee, 0x4a, 0x19, 0xf4, 0x9b, 0xe1, 0xc6, 0x3c, 0xfc, 0xd3, 0xf0,

  0xf9, 0x2e, 0xd6, 0x18, 0x08, 0xfd, 0x19, 0x9c, 0xdc, 0x81, 0xd6, 0xaf,

  0x2d, 0xfe, 0x33, 0xd8, 0x2e, 0xdf, 0xf5, 0xb1, 0xe0, 0x47, 0xc9, 0xee,

  0x46, 0x4a, 0x10, 0x4c, 0xbf, 0x35, 0x1b, 0x37, 0xdc, 0xd2, 0xbf, 0xb6,

  0x01, 0xee, 0x15, 0xf1, 0xba, 0x07, 0x07, 0x2f, 0x02, 0x2a, 0xc1, 0xca,

  0xf3, 0x41, 0x20, 0x28, 0xbe, 0xc3, 0x12, 0xd6, 0x21, 0xc4, 0xc8, 0x1d,

  0x1e, 0xdd, 0x4a, 0x0c, 0x30, 0xba, 0xd4, 0xe9, 0x06, 0x1d, 0xd6, 0x20,

  0xd8, 0x34, 0x33, 0x37, 0xff, 0xd3, 0xd4, 0xe2, 0xd6, 0xf2, 0x00, 0x34,

  0xd6, 0xbb, 0x14, 0x49, 0xc6, 0xce, 0x0a, 0xb3, 0x21, 0xec, 0x36, 0x11,

  0xf5, 0x2e, 0x16, 0xd4, 0xa2, 0x1c, 0xe6, 0xfb, 0xe3, 0x10, 0x9b, 0x29,

  0xf2, 0x0b, 0xfa, 0x0b, 0x04, 0x0e, 0xe2, 0x14, 0xd9, 0x15, 0x0a, 0x70,

  0xfa, 0x02, 0x66, 0x68, 0xcc, 0x34, 0xca, 0x1f, 0x0c, 0x07, 0xdc, 0x3c,

  0xdc, 0x02, 0xf0, 0xf9, 0xa0, 0x08, 0x14, 0xb1, 0x0c, 0x21, 0xfd, 0x3c,

  0x33, 0xf0, 0x37, 0x2c, 0x07, 0xfe, 0xf5, 0xfd, 0xcd, 0xdd, 0x07, 0xc8,

  0xdf, 0xe4, 0xf0, 0x09, 0x10, 0x14, 0xf3, 0xd4, 0xce, 0x3b, 0xf0, 0x20,

  0xd8, 0xee, 0xe0, 0x2b, 0xf0, 0x45, 0xaa, 0xdf, 0xfc, 0x36, 0xe6, 0x00,

  0xd3, 0xc0, 0x21, 0x03, 0x9d, 0xfb, 0xac, 0x18, 0x23, 0x08, 0xe8, 0x4e,

  0x45, 0xe7, 0x1b, 0x01, 0xbd, 0xeb, 0x1d, 0x1a, 0xb6, 0x18, 0xc9, 0x12,

  0x1a, 0xdd, 0xe3, 0x2d, 0x11, 0xcc, 0xad, 0x9d, 0x0c, 0xca, 0x42, 0xe6,

  0x16, 0x25, 0xf9, 0x3d, 0x2a, 0x1f, 0x24, 0xf2, 0xac, 0xbf, 0xf6, 0xeb,

  0x0d, 0xd1, 0x2c, 0x04, 0x30, 0xaa, 0xee, 0xd2, 0x07, 0xfb, 0xea, 0xf5,

  0x25, 0xd1, 0x65, 0xdc, 0x0d, 0x14, 0xad, 0xe5, 0x04, 0x7f, 0xe4, 0xd1,

  0x1d, 0xcf, 0x29, 0x24, 0x23, 0x25, 0xd5, 0xad, 0x3e, 0x28, 0x03, 0x10,

  0x24, 0x2b, 0x16, 0x0b, 0x15, 0xd8, 0xd5, 0xcd, 0x24, 0xb6, 0x1f, 0x0b,

  0x04, 0x3b, 0x21, 0x3a, 0xab, 0xe1, 0xef, 0xc5, 0xab, 0x32, 0x39, 0xd7,

  0xdb, 0x31, 0x09, 0x65, 0x29, 0x28, 0xbd, 0x08, 0xf3, 0x12, 0xc4, 0xde,

  0x00, 0x24, 0x33, 0xaf, 0xca, 0xaf, 0xe2, 0xc6, 0x1a, 0xed, 0x07, 0xcf,

  0xee, 0x0b, 0x28, 0xf3, 0xad, 0xf8, 0x2e, 0xf2, 0xbd, 0xe7, 0xc7, 0x2d,

  0x15, 0x02, 0xc8, 0x1e, 0xf4, 0x23, 0xa1, 0x64, 0xaa, 0x3e, 0x05, 0x17,

  0xc9, 0x55, 0xd4, 0x4e, 0xe6, 0x5f, 0x27, 0xf0, 0xbb, 0xd3, 0xee, 0xb0,

  0xe4, 0xc0, 0xc8, 0x3b, 0xe1, 0x1f, 0x88, 0x13, 0xdd, 0x43, 0xe9, 0xd9,

  0xbd, 0x2f, 0x01, 0x4d, 0xf3, 0xc0, 0xd6, 0xb5, 0x20, 0xe2, 0xef, 0x12,

  0x16, 0xe8, 0xfc, 0x2b, 0xc5, 0x08, 0x81, 0xa7, 0xe9, 0xdc, 0x26, 0x18,

  0xf0, 0xcc, 0xbe, 0x57, 0xed, 0xfb, 0x1f, 0xf5, 0xa0, 0xc5, 0xde, 0xfb,

  0x36, 0xd7, 0xb7, 0xe5, 0x9d, 0xf8, 0x04, 0xb9, 0x0f, 0x26, 0x99, 0xa5,

  0x0b, 0xe2, 0xb9, 0x52, 0x28, 0xed, 0x08, 0xe5, 0xfd, 0xc6, 0xa8, 0xe8,

  0x1f, 0x66, 0x4f, 0x4b, 0x27, 0xde, 0xa6, 0xfd, 0xe7, 0xf9, 0xfb, 0xc9,

  0xef, 0x77, 0xde, 0xe2, 0xd4, 0x25, 0xc6, 0xbc, 0x0a, 0xb1, 0x8e, 0xf9,

  0x67, 0xf6, 0x27, 0xf5, 0x14, 0x25, 0x01, 0x07, 0xf2, 0x1a, 0xb0, 0xdf,

  0xc3, 0x45, 0x14, 0x3f, 0xa1, 0xd7, 0xd7, 0x48, 0xc4, 0x14, 0x1c, 0xc2,

  0x33, 0x44, 0x31, 0x25, 0xe5, 0xf2, 0xac, 0xc1, 0x2a, 0x08, 0x23, 0x19,

  0xf4, 0xda, 0x33, 0x2d, 0xc6, 0xa6, 0x33, 0x23, 0xad, 0x63, 0x20, 0xfb,

  0xe8, 0xb9, 0x51, 0xf0, 0xf2, 0x0c, 0x16, 0xbb, 0xd6, 0x43, 0x2d, 0xeb,

  0xe1, 0xf5, 0x2b, 0xf1, 0x1d, 0xa4, 0xbe, 0xfb, 0x15, 0x3d, 0xd7, 0x41,

  0x12, 0xcd, 0x19, 0xea, 0xd5, 0x0d, 0x02, 0xe0, 0x2e, 0x3a, 0x30, 0x13,

  0xfd, 0xfd, 0xfe, 0xbc, 0x12, 0xdc, 0x11, 0x3d, 0xc2, 0x3c, 0xe4, 0x0e,

  0x05, 0xd0, 0x18, 0x36, 0xb1, 0x00, 0xd1, 0xe9, 0x45, 0x66, 0x77, 0x35,

  0xb3, 0x31, 0x3b, 0xd9, 0xcb, 0xe1, 0xf7, 0x21, 0x11, 0x04, 0xe9, 0x72,

  0x15, 0xef, 0xf6, 0x32, 0xef, 0x26, 0xc0, 0xf1, 0x1b, 0x4e, 0x2b, 0x43,

  0xdc, 0xc8, 0x4b, 0xf5, 0x20, 0x0f, 0xce, 0x09, 0xd3, 0x1b, 0xec, 0xf8,

  0x4a, 0xb9, 0x09, 0x34, 0xc4, 0xc7, 0xc2, 0x2e, 0x0c, 0x02, 0x32, 0xe4,

  0xea, 0x30, 0xd0, 0xf6, 0x20, 0xbc, 0xab, 0xee, 0x1f, 0x39, 0x19, 0xfb,

  0x1f, 0xc9, 0x2b, 0x0e, 0x1d, 0x37, 0xf7, 0xe7, 0xe7, 0xf9, 0x14, 0x47,

  0x14, 0x16, 0x04, 0x0f, 0xed, 0xe0, 0xc8, 0xff, 0xe3, 0x1a, 0xca, 0x2e,

  0xd0, 0x9a, 0x68, 0x3e, 0x0b, 0xd2, 0xd2, 0xe2, 0x3f, 0xee, 0x3b, 0xf3,

  0x06, 0x1a, 0x48, 0xf6, 0x09, 0xc3, 0x19, 0x1e, 0xd6, 0xdd, 0x0a, 0xd9,

  0x0e, 0xdd, 0x1f, 0xf4, 0x1a, 0x54, 0xbb, 0xdf, 0x2d, 0x4b, 0xf0, 0x38,

  0x39, 0x36, 0x40, 0x1c, 0xe7, 0xf1, 0xf8, 0x24, 0xe2, 0x03, 0xb7, 0x17,

  0xbf, 0xb1, 0xe7, 0x51, 0xfb, 0xba, 0xd1, 0xac, 0x2a, 0x7f, 0x22, 0x6a,

  0x33, 0x15, 0x14, 0xe2, 0x7e, 0xfe, 0xff, 0xff, 0x04, 0x00, 0x00, 0x00,

  0xc0, 0x00, 0x00, 0x00, 0xaf, 0xc2, 0xff, 0xff, 0x8f, 0xad, 0xff, 0xff,

  0xad, 0xb4, 0xff, 0xff, 0x24, 0xc1, 0xff, 0xff, 0x39, 0x57, 0x00, 0x00,

  0x9f, 0x3d, 0x00, 0x00, 0xbe, 0xfc, 0x00, 0x00, 0xcb, 0xc6, 0xff, 0xff,

  0x0f, 0xbf, 0xff, 0xff, 0x25, 0xff, 0xff, 0xff, 0x0f, 0xd0, 0xff, 0xff,

  0x42, 0x18, 0x00, 0x00, 0x21, 0x7d, 0xff, 0xff, 0x30, 0xaf, 0xff, 0xff,

  0x9a, 0x4d, 0x00, 0x00, 0x0b, 0xe9, 0x00, 0x00, 0x8a, 0xc0, 0x00, 0x00,

  0x66, 0xc2, 0xff, 0xff, 0x70, 0xbf, 0x00, 0x00, 0xd8, 0xef, 0x00, 0x00,

  0xa2, 0x6b, 0xff, 0xff, 0xc3, 0xee, 0xff, 0xff, 0x83, 0x46, 0x00, 0x00,

  0xad, 0xf1, 0x00, 0x00, 0xfd, 0x45, 0x00, 0x00, 0xfb, 0x1e, 0x01, 0x00,

  0xf4, 0xa6, 0x00, 0x00, 0x55, 0xc2, 0xff, 0xff, 0x29, 0x0e, 0x00, 0x00,

  0xad, 0x78, 0x00, 0x00, 0x1a, 0x40, 0x01, 0x00, 0xd6, 0x00, 0x01, 0x00,

  0xd2, 0xa5, 0xff, 0xff, 0x00, 0x4b, 0x00, 0x00, 0x46, 0x0a, 0x01, 0x00,

  0x92, 0xe2, 0x00, 0x00, 0xa7, 0x98, 0xff, 0xff, 0x15, 0x57, 0x00, 0x00,

  0xb6, 0x9e, 0x00, 0x00, 0x68, 0x30, 0x00, 0x00, 0x44, 0xff, 0x00, 0x00,

  0x2b, 0x44, 0x00, 0x00, 0x6e, 0xfc, 0xff, 0xff, 0xe2, 0xbc, 0xff, 0xff,

  0x5e, 0xbc, 0x00, 0x00, 0xeb, 0x48, 0x00, 0x00, 0x16, 0xd9, 0x00, 0x00,

  0x8e, 0xbd, 0xff, 0xff, 0x4a, 0xff, 0xff, 0xff, 0x04, 0x00, 0x00, 0x00,

  0x90, 0x00, 0x00, 0x00, 0x93, 0x95, 0x96, 0xb6, 0x44, 0x1f, 0xe2, 0x87,

  0xb5, 0x8b, 0x3d, 0x6a, 0x86, 0x9a, 0x69, 0x98, 0xa6, 0xa9, 0xc8, 0x9d,

  0x95, 0x7f, 0xc6, 0x65, 0x54, 0xec, 0xcc, 0xb6, 0x59, 0x46, 0xe1, 0xda,

  0xbe, 0x6a, 0xcd, 0xc1, 0xbf, 0x10, 0x43, 0x59, 0xb1, 0x65, 0x56, 0xd8,

  0xa3, 0xa9, 0xf5, 0x85, 0xa3, 0xaf, 0xe1, 0xb5, 0xa2, 0x9a, 0x20, 0xf6,

  0x94, 0x02, 0xc1, 0x56, 0xdd, 0xb1, 0x8f, 0x0c, 0x06, 0x9c, 0x55, 0x67,

  0xd9, 0xda, 0x67, 0x57, 0x81, 0x6b, 0x46, 0xd1, 0xd6, 0x88, 0x64, 0x44,

  0xc1, 0xde, 0x54, 0x4b, 0xd9, 0x86, 0x45, 0xfd, 0x15, 0x96, 0x1a, 0x87,

  0x1f, 0x21, 0x21, 0xa7, 0x0b, 0x1b, 0x7c, 0x67, 0xbd, 0xa7, 0xa4, 0x54,

  0x70, 0x46, 0xbf, 0x8c, 0x29, 0x1b, 0x4b, 0xc7, 0xcc, 0x37, 0xe4, 0xd9,

  0x64, 0xdf, 0x71, 0x92, 0x8c, 0xa5, 0x20, 0x30, 0x81, 0xe5, 0xb8, 0x06,

  0x22, 0xbf, 0xac, 0xa3, 0x68, 0xc8, 0x04, 0x21, 0xaf, 0x3f, 0xbc, 0x27,

  0xce, 0x0d, 0xce, 0xec, 0xe6, 0xff, 0xff, 0xff, 0x04, 0x00, 0x00, 0x00,

  0x0c, 0x00, 0x00, 0x00, 0x20, 0x08, 0x00, 0x00, 0x43, 0xf7, 0xff, 0xff,

  0x40, 0xfe, 0xff, 0xff, 0x00, 0x00, 0x06, 0x00, 0x08, 0x00, 0x04, 0x00,

  0x06, 0x00, 0x00, 0x00, 0x04, 0x00, 0x00, 0x00, 0x08, 0x00, 0x00, 0x00,

  0x01, 0x00, 0x00, 0x00, 0x02, 0x00, 0x00, 0x00, 0x54, 0xec, 0xff, 0xff,

  0x58, 0xec, 0xff, 0xff, 0x0f, 0x00, 0x00, 0x00, 0x4d, 0x4c, 0x49, 0x52,

  0x20, 0x43, 0x6f, 0x6e, 0x76, 0x65, 0x72, 0x74, 0x65, 0x64, 0x2e, 0x00,

  0x01, 0x00, 0x00, 0x00, 0x14, 0x00, 0x00, 0x00, 0x00, 0x00, 0x0e, 0x00,

  0x18, 0x00, 0x14, 0x00, 0x10, 0x00, 0x0c, 0x00, 0x08, 0x00, 0x04, 0x00,

  0x0e, 0x00, 0x00, 0x00, 0x14, 0x00, 0x00, 0x00, 0x1c, 0x00, 0x00, 0x00,

  0x0c, 0x02, 0x00, 0x00, 0x10, 0x02, 0x00, 0x00, 0x14, 0x02, 0x00, 0x00,

  0x04, 0x00, 0x00, 0x00, 0x6d, 0x61, 0x69, 0x6e, 0x00, 0x00, 0x00, 0x00,

  0x07, 0x00, 0x00, 0x00, 0xa8, 0x01, 0x00, 0x00, 0x44, 0x01, 0x00, 0x00,

  0xf4, 0x00, 0x00, 0x00, 0xb0, 0x00, 0x00, 0x00, 0x70, 0x00, 0x00, 0x00,

  0x3c, 0x00, 0x00, 0x00, 0x04, 0x00, 0x00, 0x00, 0xe2, 0xfe, 0xff, 0xff,

  0x14, 0x00, 0x00, 0x00, 0x00, 0x00, 0x00, 0x08, 0x10, 0x00, 0x00, 0x00,

  0x14, 0x00, 0x00, 0x00, 0x03, 0x00, 0x00, 0x00, 0xe4, 0xec, 0xff, 0xff,

  0x01, 0x00, 0x00, 0x00, 0x10, 0x00, 0x00, 0x00, 0x03, 0x00, 0x00, 0x00,

  0x0f, 0x00, 0x00, 0x00, 0x03, 0x00, 0x00, 0x00, 0x02, 0x00, 0x00, 0x00,

  0x16, 0xff, 0xff, 0xff, 0x14, 0x00, 0x00, 0x00, 0x00, 0x00, 0x00, 0x1b,

  0x10, 0x00, 0x00, 0x00, 0x14, 0x00, 0x00, 0x00, 0x02, 0x00, 0x00, 0x00,

  0x18, 0xed, 0xff, 0xff, 0x01, 0x00, 0x00, 0x00, 0x0f, 0x00, 0x00, 0x00,

  0x02, 0x00, 0x00, 0x00, 0x0e, 0x00, 0x00, 0x00, 0x01, 0x00, 0x00, 0x00,

  0xe6, 0xfe, 0xff, 0xff, 0x10, 0x00, 0x00, 0x00, 0x00, 0x00, 0x00, 0x01,

  0x18, 0x00, 0x00, 0x00, 0x1c, 0x00, 0x00, 0x00, 0xd8, 0xfe, 0xff, 0xff,

  0x00, 0x00, 0x00, 0x01, 0x01, 0x00, 0x00, 0x00, 0x01, 0x00, 0x00, 0x00,

  0x01, 0x00, 0x00, 0x00, 0x0e, 0x00, 0x00, 0x00, 0x03, 0x00, 0x00, 0x00,

  0x0d, 0x00, 0x00, 0x00, 0x05, 0x00, 0x00, 0x00, 0x04, 0x00, 0x00, 0x00,

  0x82, 0xff, 0xff, 0xff, 0x14, 0x00, 0x00, 0x00, 0x00, 0x00, 0x00, 0x05,

  0x24, 0x00, 0x00, 0x00, 0x28, 0x00, 0x00, 0x00, 0x01, 0x00, 0x00, 0x00,

  0x72, 0xff, 0xff, 0xff, 0x02, 0x00, 0x00, 0x00, 0x02, 0x00, 0x00, 0x00,

  0x02, 0x00, 0x00, 0x00, 0x02, 0x00, 0x00, 0x00, 0x00, 0x00, 0x00, 0x01,

  0x01, 0x00, 0x00, 0x00, 0x0d, 0x00, 0x00, 0x00, 0x01, 0x00, 0x00, 0x00,

  0x0c, 0x00, 0x00, 0x00, 0x62, 0xff, 0xff, 0xff, 0x10, 0x00, 0x00, 0x00,

  0x00, 0x00, 0x00, 0x01, 0x18, 0x00, 0x00, 0x00, 0x1c, 0x00, 0x00, 0x00,

  0x54, 0xff, 0xff, 0xff, 0x00, 0x00, 0x00, 0x01, 0x01, 0x00, 0x00, 0x00,

  0x01, 0x00, 0x00, 0x00, 0x01, 0x00, 0x00, 0x00, 0x0c, 0x00, 0x00, 0x00,

  0x03, 0x00, 0x00, 0x00, 0x0b, 0x00, 0x00, 0x00, 0x07, 0x00, 0x00, 0x00,

  0x06, 0x00, 0x00, 0x00, 0x00, 0x00, 0x0e, 0x00, 0x1a, 0x00, 0x14, 0x00,

  0x10, 0x00, 0x0c, 0x00, 0x0b, 0x00, 0x04, 0x00, 0x0e, 0x00, 0x00, 0x00,

  0x24, 0x00, 0x00, 0x00, 0x00, 0x00, 0x00, 0x05, 0x34, 0x00, 0x00, 0x00,

  0x38, 0x00, 0x00, 0x00, 0x01, 0x00, 0x00, 0x00, 0x00, 0x00, 0x0e, 0x00,

  0x18, 0x00, 0x17, 0x00, 0x10, 0x00, 0x0c, 0x00, 0x08, 0x00, 0x04, 0x00,

  0x0e, 0x00, 0x00, 0x00, 0x02, 0x00, 0x00, 0x00, 0x02, 0x00, 0x00, 0x00,

  0x02, 0x00, 0x00, 0x00, 0x02, 0x00, 0x00, 0x00, 0x00, 0x00, 0x00, 0x01,

  0x01, 0x00, 0x00, 0x00, 0x0b, 0x00, 0x00, 0x00, 0x01, 0x00, 0x00, 0x00,

  0x0a, 0x00, 0x00, 0x00, 0x00, 0x00, 0x0e, 0x00, 0x14, 0x00, 0x00, 0x00,

  0x10, 0x00, 0x0c, 0x00, 0x0b, 0x00, 0x04, 0x00, 0x0e, 0x00, 0x00, 0x00,

  0x1c, 0x00, 0x00, 0x00, 0x00, 0x00, 0x00, 0x01, 0x24, 0x00, 0x00, 0x00,

  0x28, 0x00, 0x00, 0x00, 0x0c, 0x00, 0x10, 0x00, 0x00, 0x00, 0x0c, 0x00,

  0x08, 0x00, 0x07, 0x00, 0x0c, 0x00, 0x00, 0x00, 0x00, 0x00, 0x00, 0x01,

  0x01, 0x00, 0x00, 0x00, 0x01, 0x00, 0x00, 0x00, 0x01, 0x00, 0x00, 0x00,

  0x0a, 0x00, 0x00, 0x00, 0x03, 0x00, 0x00, 0x00, 0x00, 0x00, 0x00, 0x00,

  0x09, 0x00, 0x00, 0x00, 0x08, 0x00, 0x00, 0x00, 0x01, 0x00, 0x00, 0x00,

  0x10, 0x00, 0x00, 0x00, 0x01, 0x00, 0x00, 0x00, 0x00, 0x00, 0x00, 0x00,

  0x11, 0x00, 0x00, 0x00, 0x88, 0x11, 0x00, 0x00, 0x2c, 0x11, 0x00, 0x00,

  0x9c, 0x10, 0x00, 0x00, 0x20, 0x10, 0x00, 0x00, 0x8c, 0x0d, 0x00, 0x00,

  0xe8, 0x0a, 0x00, 0x00, 0x74, 0x09, 0x00, 0x00, 0xf0, 0x07, 0x00, 0x00,

  0x0c, 0x07, 0x00, 0x00, 0x18, 0x06, 0x00, 0x00, 0xdc, 0x04, 0x00, 0x00,

  0x38, 0x04, 0x00, 0x00, 0xfc, 0x02, 0x00, 0x00, 0x58, 0x02, 0x00, 0x00,

  0x1c, 0x01, 0x00, 0x00, 0x80, 0x00, 0x00, 0x00, 0x04, 0x00, 0x00, 0x00,

  0xd2, 0xee, 0xff, 0xff, 0x00, 0x00, 0x00, 0x01, 0x18, 0x00, 0x00, 0x00,

  0x20, 0x00, 0x00, 0x00, 0x3c, 0x00, 0x00, 0x00, 0x11, 0x00, 0x00, 0x00,

  0x00, 0x00, 0x00, 0x09, 0x50, 0x00, 0x00, 0x00, 0x02, 0x00, 0x00, 0x00,

  0xff, 0xff, 0xff, 0xff, 0x03, 0x00, 0x00, 0x00, 0xb4, 0xee, 0xff, 0xff,

  0x08, 0x00, 0x00, 0x00, 0x10, 0x00, 0x00, 0x00, 0x01, 0x00, 0x00, 0x00,

  0xfc, 0xff, 0xff, 0xff, 0xff, 0xff, 0xff, 0xff, 0x01, 0x00, 0x00, 0x00,

  0x9e, 0xf0, 0x34, 0x3d, 0x1b, 0x00, 0x00, 0x00, 0x53, 0x74, 0x61, 0x74,

  0x65, 0x66, 0x75, 0x6c, 0x50, 0x61, 0x72, 0x74, 0x69, 0x74, 0x69, 0x6f,

  0x6e, 0x65, 0x64, 0x43, 0x61, 0x6c, 0x6c, 0x5f, 0x31, 0x3a, 0x30, 0x00,

  0x02, 0x00, 0x00, 0x00, 0x01, 0x00, 0x00, 0x00, 0x03, 0x00, 0x00, 0x00,

  0x4a, 0xef, 0xff, 0xff, 0x00, 0x00, 0x00, 0x01, 0x18, 0x00, 0x00, 0x00,

  0x20, 0x00, 0x00, 0x00, 0x40, 0x00, 0x00, 0x00, 0x10, 0x00, 0x00, 0x00,

  0x00, 0x00, 0x00, 0x09, 0x70, 0x00, 0x00, 0x00, 0x02, 0x00, 0x00, 0x00,

  0xff, 0xff, 0xff, 0xff, 0x30, 0x00, 0x00, 0x00, 0x2c, 0xef, 0xff, 0xff,

  0x08, 0x00, 0x00, 0x00, 0x14, 0x00, 0x00, 0x00, 0x01, 0x00, 0x00, 0x00,

  0x80, 0xff, 0xff, 0xff, 0xff, 0xff, 0xff, 0xff, 0x00, 0x00, 0x00, 0x00,

  0x01, 0x00, 0x00, 0x00, 0x90, 0xd3, 0xe8, 0x3b, 0x35, 0x00, 0x00, 0x00,

  0x48, 0x61, 0x6e, 0x64, 0x4e, 0x65, 0x74, 0x31, 0x30, 0x30, 0x6b, 0x5f,

  0x4b, 0x65, 0x72, 0x61, 0x73, 0x5f, 0x31, 0x2f, 0x67, 0x6c, 0x6f, 0x62,

  0x61, 0x6c, 0x5f, 0x61, 0x76, 0x65, 0x72, 0x61, 0x67, 0x65, 0x5f, 0x70,

  0x6f, 0x6f, 0x6c, 0x69, 0x6e, 0x67, 0x32, 0x64, 0x5f, 0x36, 0x5f, 0x31,

  0x2f, 0x4d, 0x65, 0x61, 0x6e, 0x00, 0x00, 0x00, 0x02, 0x00, 0x00, 0x00,

  0x01, 0x00, 0x00, 0x00, 0x30, 0x00, 0x00, 0x00, 0xe2, 0xef, 0xff, 0xff,

  0x00, 0x00, 0x00, 0x01, 0x18, 0x00, 0x00, 0x00, 0x28, 0x00, 0x00, 0x00,

  0x48, 0x00, 0x00, 0x00, 0x0f, 0x00, 0x00, 0x00, 0x00, 0x00, 0x00, 0x09,

  0x08, 0x01, 0x00, 0x00, 0x04, 0x00, 0x00, 0x00, 0xff, 0xff, 0xff, 0xff,

  0x0c, 0x00, 0x00, 0x00, 0x0c, 0x00, 0x00, 0x00, 0x30, 0x00, 0x00, 0x00,

  0xcc, 0xef, 0xff, 0xff, 0x08, 0x00, 0x00, 0x00, 0x14, 0x00, 0x00, 0x00,

  0x01, 0x00, 0x00, 0x00, 0x80, 0xff, 0xff, 0xff, 0xff, 0xff, 0xff, 0xff,

  0x00, 0x00, 0x00, 0x00, 0x01, 0x00, 0x00, 0x00, 0x1d, 0x4c, 0xdc, 0x3c,

  0xc7, 0x00, 0x00, 0x00, 0x48, 0x61, 0x6e, 0x64, 0x4e, 0x65, 0x74, 0x31,

  0x30, 0x30, 0x6b, 0x5f, 0x4b, 0x65, 0x72, 0x61, 0x73, 0x5f, 0x31, 0x2f,

  0x72, 0x65, 0x5f, 0x6c, 0x75, 0x5f, 0x32, 0x30, 0x5f, 0x31, 0x2f, 0x52,

  0x65, 0x6c, 0x75, 0x3b, 0x48, 0x61, 0x6e, 0x64, 0x4e, 0x65, 0x74, 0x31,

  0x30, 0x30, 0x6b, 0x5f, 0x4b, 0x65, 0x72, 0x61, 0x73, 0x5f, 0x31, 0x2f,

  0x62, 0x61, 0x74, 0x63, 0x68, 0x5f, 0x6e, 0x6f, 0x72, 0x6d, 0x61, 0x6c,

  0x69, 0x7a, 0x61, 0x74, 0x69, 0x6f, 0x6e, 0x5f, 0x32, 0x30, 0x5f, 0x31,

  0x2f, 0x62, 0x61, 0x74, 0x63, 0x68, 0x6e, 0x6f, 0x72, 0x6d, 0x2f, 0x61,

  0x64, 0x64, 0x5f, 0x31, 0x3b, 0x48, 0x61, 0x6e, 0x64, 0x4e, 0x65, 0x74,

  0x31, 0x30, 0x30, 0x6b, 0x5f, 0x4b, 0x65, 0x72, 0x61, 0x73, 0x5f, 0x31,

  0x2f, 0x63, 0x6f, 0x6e, 0x76, 0x32, 0x64, 0x5f, 0x32, 0x30, 0x5f, 0x31,

  0x2f, 0x63, 0x6f, 0x6e, 0x76, 0x6f, 0x6c, 0x75, 0x74, 0x69, 0x6f, 0x6e,

  0x3b, 0x48, 0x61, 0x6e, 0x64, 0x4e, 0x65, 0x74, 0x31, 0x30, 0x30, 0x6b,

  0x5f, 0x4b, 0x65, 0x72, 0x61, 0x73, 0x5f, 0x31, 0x2f, 0x62, 0x61, 0x74,

  0x63, 0x68, 0x5f, 0x6e, 0x6f, 0x72, 0x6d, 0x61, 0x6c, 0x69, 0x7a, 0x61,

  0x74, 0x69, 0x6f, 0x6e, 0x5f, 0x32, 0x30, 0x5f, 0x31, 0x2f, 0x62, 0x61,

  0x74, 0x63, 0x68, 0x6e, 0x6f, 0x72, 0x6d, 0x2f, 0x73, 0x75, 0x62, 0x00,

  0x04, 0x00, 0x00, 0x00, 0x01, 0x00, 0x00, 0x00, 0x0c, 0x00, 0x00, 0x00,

  0x0c, 0x00, 0x00, 0x00, 0x30, 0x00, 0x00, 0x00, 0x1a, 0xf1, 0xff, 0xff,

  0x00, 0x00, 0x00, 0x01, 0x18, 0x00, 0x00, 0x00, 0x28, 0x00, 0x00, 0x00,

  0x44, 0x00, 0x00, 0x00, 0x0e, 0x00, 0x00, 0x00, 0x00, 0x00, 0x00, 0x09,

  0x70, 0x00, 0x00, 0x00, 0x04, 0x00, 0x00, 0x00, 0xff, 0xff, 0xff, 0xff,

  0x0c, 0x00, 0x00, 0x00, 0x0c, 0x00, 0x00, 0x00, 0x18, 0x00, 0x00, 0x00,

  0x04, 0xf1, 0xff, 0xff, 0x08, 0x00, 0x00, 0x00, 0x10, 0x00, 0x00, 0x00,

  0x01, 0x00, 0x00, 0x00, 0x80, 0xff, 0xff, 0xff, 0xff, 0xff, 0xff, 0xff,

  0x01, 0x00, 0x00, 0x00, 0xfd, 0x94, 0x90, 0x3c, 0x30, 0x00, 0x00, 0x00,

  0x48, 0x61, 0x6e, 0x64, 0x4e, 0x65, 0x74, 0x31, 0x30, 0x30, 0x6b, 0x5f,

  0x4b, 0x65, 0x72, 0x61, 0x73, 0x5f, 0x31, 0x2f, 0x6d, 0x61, 0x78, 0x5f,

  0x70, 0x6f, 0x6f, 0x6c, 0x69, 0x6e, 0x67, 0x32, 0x64, 0x5f, 0x31, 0x33,

  0x5f, 0x31, 0x2f, 0x4d, 0x61, 0x78, 0x50, 0x6f, 0x6f, 0x6c, 0x32, 0x64,

  0x00, 0x00, 0x00, 0x00, 0x04, 0x00, 0x00, 0x00, 0x01, 0x00, 0x00, 0x00,

  0x0c, 0x00, 0x00, 0x00, 0x0c, 0x00, 0x00, 0x00, 0x18, 0x00, 0x00, 0x00,

  0xba, 0xf1, 0xff, 0xff, 0x00, 0x00, 0x00, 0x01, 0x18, 0x00, 0x00, 0x00,

  0x28, 0x00, 0x00, 0x00, 0x48, 0x00, 0x00, 0x00, 0x0d, 0x00, 0x00, 0x00,

  0x00, 0x00, 0x00, 0x09, 0x08, 0x01, 0x00, 0x00, 0x04, 0x00, 0x00, 0x00,

  0xff, 0xff, 0xff, 0xff, 0x18, 0x00, 0x00, 0x00, 0x18, 0x00, 0x00, 0x00,

  0x18, 0x00, 0x00, 0x00, 0xa4, 0xf1, 0xff, 0xff, 0x08, 0x00, 0x00, 0x00,

  0x14, 0x00, 0x00, 0x00, 0x01, 0x00, 0x00, 0x00, 0x80, 0xff, 0xff, 0xff,

  0xff, 0xff, 0xff, 0xff, 0x00, 0x00, 0x00, 0x00, 0x01, 0x00, 0x00, 0x00,

  0xfd, 0x94, 0x90, 0x3c, 0xc7, 0x00, 0x00, 0x00, 0x48, 0x61, 0x6e, 0x64,

  0x4e, 0x65, 0x74, 0x31, 0x30, 0x30, 0x6b, 0x5f, 0x4b, 0x65, 0x72, 0x61,

  0x73, 0x5f, 0x31, 0x2f, 0x72, 0x65, 0x5f, 0x6c, 0x75, 0x5f, 0x31, 0x39,

  0x5f, 0x31, 0x2f, 0x52, 0x65, 0x6c, 0x75, 0x3b, 0x48, 0x61, 0x6e, 0x64,

  0x4e, 0x65, 0x74, 0x31, 0x30, 0x30, 0x6b, 0x5f, 0x4b, 0x65, 0x72, 0x61,

  0x73, 0x5f, 0x31, 0x2f, 0x62, 0x61, 0x74, 0x63, 0x68, 0x5f, 0x6e, 0x6f,

  0x72, 0x6d, 0x61, 0x6c, 0x69, 0x7a, 0x61, 0x74, 0x69, 0x6f, 0x6e, 0x5f,

  0x31, 0x39, 0x5f, 0x31, 0x2f, 0x62, 0x61, 0x74, 0x63, 0x68, 0x6e, 0x6f,

  0x72, 0x6d, 0x2f, 0x61, 0x64, 0x64, 0x5f, 0x31, 0x3b, 0x48, 0x61, 0x6e,

  0x64, 0x4e, 0x65, 0x74, 0x31, 0x30, 0x30, 0x6b, 0x5f, 0x4b, 0x65, 0x72,

  0x61, 0x73, 0x5f, 0x31, 0x2f, 0x63, 0x6f, 0x6e, 0x76, 0x32, 0x64, 0x5f,

  0x31, 0x39, 0x5f, 0x31, 0x2f, 0x63, 0x6f, 0x6e, 0x76, 0x6f, 0x6c, 0x75,

  0x74, 0x69, 0x6f, 0x6e, 0x3b, 0x48, 0x61, 0x6e, 0x64, 0x4e, 0x65, 0x74,

  0x31, 0x30, 0x30, 0x6b, 0x5f, 0x4b, 0x65, 0x72, 0x61, 0x73, 0x5f, 0x31,

  0x2f, 0x62, 0x61, 0x74, 0x63, 0x68, 0x5f, 0x6e, 0x6f, 0x72, 0x6d, 0x61,

  0x6c, 0x69, 0x7a, 0x61, 0x74, 0x69, 0x6f, 0x6e, 0x5f, 0x31, 0x39, 0x5f,

  0x31, 0x2f, 0x62, 0x61, 0x74, 0x63, 0x68, 0x6e, 0x6f, 0x72, 0x6d, 0x2f,

  0x73, 0x75, 0x62, 0x00, 0x04, 0x00, 0x00, 0x00, 0x01, 0x00, 0x00, 0x00,

  0x18, 0x00, 0x00, 0x00, 0x18, 0x00, 0x00, 0x00, 0x18, 0x00, 0x00, 0x00,

  0xf2, 0xf2, 0xff, 0xff, 0x00, 0x00, 0x00, 0x01, 0x18, 0x00, 0x00, 0x00,

  0x28, 0x00, 0x00, 0x00, 0x44, 0x00, 0x00, 0x00, 0x0c, 0x00, 0x00, 0x00,

  0x00, 0x00, 0x00, 0x09, 0x70, 0x00, 0x00, 0x00, 0x04, 0x00, 0x00, 0x00,

  0xff, 0xff, 0xff, 0xff, 0x18, 0x00, 0x00, 0x00, 0x18, 0x00, 0x00, 0x00,

  0x0c, 0x00, 0x00, 0x00, 0xdc, 0xf2, 0xff, 0xff, 0x08, 0x00, 0x00, 0x00,

  0x10, 0x00, 0x00, 0x00, 0x01, 0x00, 0x00, 0x00, 0x80, 0xff, 0xff, 0xff,

  0xff, 0xff, 0xff, 0xff, 0x01, 0x00, 0x00, 0x00, 0xa2, 0xfd, 0xab, 0x3c,

  0x30, 0x00, 0x00, 0x00, 0x48, 0x61, 0x6e, 0x64, 0x4e, 0x65, 0x74, 0x31,

  0x30, 0x30, 0x6b, 0x5f, 0x4b, 0x65, 0x72, 0x61, 0x73, 0x5f, 0x31, 0x2f,

  0x6d, 0x61, 0x78, 0x5f, 0x70, 0x6f, 0x6f, 0x6c, 0x69, 0x6e, 0x67, 0x32,

  0x64, 0x5f, 0x31, 0x32, 0x5f, 0x31, 0x2f, 0x4d, 0x61, 0x78, 0x50, 0x6f,

  0x6f, 0x6c, 0x32, 0x64, 0x00, 0x00, 0x00, 0x00, 0x04, 0x00, 0x00, 0x00,

  0x01, 0x00, 0x00, 0x00, 0x18, 0x00, 0x00, 0x00, 0x18, 0x00, 0x00, 0x00,

  0x0c, 0x00, 0x00, 0x00, 0x92, 0xf3, 0xff, 0xff, 0x00, 0x00, 0x00, 0x01,

  0x18, 0x00, 0x00, 0x00, 0x28, 0x00, 0x00, 0x00, 0x44, 0x00, 0x00, 0x00,

  0x0b, 0x00, 0x00, 0x00, 0x00, 0x00, 0x00, 0x09, 0x08, 0x01, 0x00, 0x00,

  0x04, 0x00, 0x00, 0x00, 0xff, 0xff, 0xff, 0xff, 0x30, 0x00, 0x00, 0x00,

  0x30, 0x00, 0x00, 0x00, 0x0c, 0x00, 0x00, 0x00, 0x7c, 0xf3, 0xff, 0xff,

  0x08, 0x00, 0x00, 0x00, 0x10, 0x00, 0x00, 0x00, 0x01, 0x00, 0x00, 0x00,

  0x80, 0xff, 0xff, 0xff, 0xff, 0xff, 0xff, 0xff, 0x01, 0x00, 0x00, 0x00,

  0xa2, 0xfd, 0xab, 0x3c, 0xc8, 0x00, 0x00, 0x00, 0x48, 0x61, 0x6e, 0x64,

  0x4e, 0x65, 0x74, 0x31, 0x30, 0x30, 0x6b, 0x5f, 0x4b, 0x65, 0x72, 0x61,

  0x73, 0x5f, 0x31, 0x2f, 0x72, 0x65, 0x5f, 0x6c, 0x75, 0x5f, 0x31, 0x38,

  0x5f, 0x31, 0x2f, 0x52, 0x65, 0x6c, 0x75, 0x3b, 0x48, 0x61, 0x6e, 0x64,

  0x4e, 0x65, 0x74, 0x31, 0x30, 0x30, 0x6b, 0x5f, 0x4b, 0x65, 0x72, 0x61,

  0x73, 0x5f, 0x31, 0x2f, 0x62, 0x61, 0x74, 0x63, 0x68, 0x5f, 0x6e, 0x6f,

  0x72, 0x6d, 0x61, 0x6c, 0x69, 0x7a, 0x61, 0x74, 0x69, 0x6f, 0x6e, 0x5f,

  0x31, 0x38, 0x5f, 0x31, 0x2f, 0x62, 0x61, 0x74, 0x63, 0x68, 0x6e, 0x6f,

  0x72, 0x6d, 0x2f, 0x61, 0x64, 0x64, 0x5f, 0x31, 0x3b, 0x48, 0x61, 0x6e,

  0x64, 0x4e, 0x65, 0x74, 0x31, 0x30, 0x30, 0x6b, 0x5f, 0x4b, 0x65, 0x72,

  0x61, 0x73, 0x5f, 0x31, 0x2f, 0x63, 0x6f, 0x6e, 0x76, 0x32, 0x64, 0x5f,

  0x31, 0x38, 0x5f, 0x31, 0x2f, 0x63, 0x6f, 0x6e, 0x76, 0x6f, 0x6c, 0x75,

  0x74, 0x69, 0x6f, 0x6e, 0x3b, 0x48, 0x61, 0x6e, 0x64, 0x4e, 0x65, 0x74,

  0x31, 0x30, 0x30, 0x6b, 0x5f, 0x4b, 0x65, 0x72, 0x61, 0x73, 0x5f, 0x31,

  0x2f, 0x62, 0x61, 0x74, 0x63, 0x68, 0x5f, 0x6e, 0x6f, 0x72, 0x6d, 0x61,

  0x6c, 0x69, 0x7a, 0x61, 0x74, 0x69, 0x6f, 0x6e, 0x5f, 0x31, 0x38, 0x5f,

  0x31, 0x2f, 0x62, 0x61, 0x74, 0x63, 0x68, 0x6e, 0x6f, 0x72, 0x6d, 0x2f,

  0x73, 0x75, 0x62, 0x31, 0x00, 0x00, 0x00, 0x00, 0x04, 0x00, 0x00, 0x00,

  0x01, 0x00, 0x00, 0x00, 0x30, 0x00, 0x00, 0x00, 0x30, 0x00, 0x00, 0x00,

  0x0c, 0x00, 0x00, 0x00, 0x22, 0xf5, 0xff, 0xff, 0x00, 0x00, 0x00, 0x01,

  0x14, 0x00, 0x00, 0x00, 0xb8, 0x00, 0x00, 0x00, 0x0a, 0x00, 0x00, 0x00,

  0x00, 0x00, 0x00, 0x09, 0xc4, 0x00, 0x00, 0x00, 0x9c, 0xf4, 0xff, 0xff,

  0x08, 0x00, 0x00, 0x00, 0x6c, 0x00, 0x00, 0x00, 0x0c, 0x00, 0x00, 0x00,

  0x00, 0x00, 0x00, 0x00, 0x00, 0x00, 0x00, 0x00, 0x00, 0x00, 0x00, 0x00,

  0x00, 0x00, 0x00, 0x00, 0x00, 0x00, 0x00, 0x00, 0x00, 0x00, 0x00, 0x00,

  0x00, 0x00, 0x00, 0x00, 0x00, 0x00, 0x00, 0x00, 0x00, 0x00, 0x00, 0x00,

  0x00, 0x00, 0x00, 0x00, 0x00, 0x00, 0x00, 0x00, 0x00, 0x00, 0x00, 0x00,

  0x00, 0x00, 0x00, 0x00, 0x00, 0x00, 0x00, 0x00, 0x00, 0x00, 0x00, 0x00,

  0x00, 0x00, 0x00, 0x00, 0x00, 0x00, 0x00, 0x00, 0x00, 0x00, 0x00, 0x00,

  0x00, 0x00, 0x00, 0x00, 0x00, 0x00, 0x00, 0x00, 0x00, 0x00, 0x00, 0x00,

  0x00, 0x00, 0x00, 0x00, 0x00, 0x00, 0x00, 0x00, 0x00, 0x00, 0x00, 0x00,

  0x00, 0x00, 0x00, 0x00, 0x0c, 0x00, 0x00, 0x00, 0x0b, 0xb6, 0xb9, 0x3c,

  0xb6, 0x55, 0x1d, 0x3d, 0x89, 0xea, 0x2d, 0x3d, 0xe5, 0x98, 0x74, 0x3c,

  0x31, 0x0d, 0x89, 0x3c, 0x85, 0x8d, 0x8b, 0x3c, 0x27, 0x17, 0x7b, 0x3c,

  0xda, 0xdb, 0x94, 0x3c, 0x78, 0x9c, 0xc9, 0x3c, 0x91, 0x73, 0xd1, 0x3c,

  0x18, 0xa1, 0x15, 0x3d, 0x2c, 0xf2, 0xd0, 0x3c, 0x12, 0x00, 0x00, 0x00,

  0x74, 0x66, 0x6c, 0x2e, 0x70, 0x73, 0x65, 0x75, 0x64, 0x6f, 0x5f, 0x71,

  0x63, 0x6f, 0x6e, 0x73, 0x74, 0x37, 0x00, 0x00, 0x04, 0x00, 0x00, 0x00,

  0x0c, 0x00, 0x00, 0x00, 0x03, 0x00, 0x00, 0x00, 0x03, 0x00, 0x00, 0x00,

  0x01, 0x00, 0x00, 0x00, 0x12, 0xf6, 0xff, 0xff, 0x00, 0x00, 0x00, 0x01,

  0x14, 0x00, 0x00, 0x00, 0xb4, 0x00, 0x00, 0x00, 0x09, 0x00, 0x00, 0x00,

  0x00, 0x00, 0x00, 0x02, 0xc0, 0x00, 0x00, 0x00, 0x8c, 0xf5, 0xff, 0xff,

  0x08, 0x00, 0x00, 0x00, 0x68, 0x00, 0x00, 0x00, 0x0c, 0x00, 0x00, 0x00,

  0x00, 0x00, 0x00, 0x00, 0x00, 0x00, 0x00, 0x00, 0x00, 0x00, 0x00, 0x00,

  0x00, 0x00, 0x00, 0x00, 0x00, 0x00, 0x00, 0x00, 0x00, 0x00, 0x00, 0x00,

  0x00, 0x00, 0x00, 0x00, 0x00, 0x00, 0x00, 0x00, 0x00, 0x00, 0x00, 0x00,

  0x00, 0x00, 0x00, 0x00, 0x00, 0x00, 0x00, 0x00, 0x00, 0x00, 0x00, 0x00,

  0x00, 0x00, 0x00, 0x00, 0x00, 0x00, 0x00, 0x00, 0x00, 0x00, 0x00, 0x00,

  0x00, 0x00, 0x00, 0x00, 0x00, 0x00, 0x00, 0x00, 0x00, 0x00, 0x00, 0x00,

  0x00, 0x00, 0x00, 0x00, 0x00, 0x00, 0x00, 0x00, 0x00, 0x00, 0x00, 0x00,

  0x00, 0x00, 0x00, 0x00, 0x00, 0x00, 0x00, 0x00, 0x00, 0x00, 0x00, 0x00,

  0x0c, 0x00, 0x00, 0x00, 0x4a, 0x52, 0xb5, 0x38, 0xaa, 0x9d, 0x19, 0x39,

  0x27, 0xce, 0x29, 0x39, 0xd1, 0xd0, 0x6e, 0x38, 0xe1, 0xcf, 0x85, 0x38,

  0x13, 0x41, 0x88, 0x38, 0xc8, 0x27, 0x75, 0x38, 0x18, 0x57, 0x91, 0x38,

  0x80, 0xd8, 0xc4, 0x38, 0x28, 0x80, 0xcc, 0x38, 0xad, 0x17, 0x12, 0x39,

  0xd2, 0x01, 0xcc, 0x38, 0x12, 0x00, 0x00, 0x00, 0x74, 0x66, 0x6c, 0x2e,

  0x70, 0x73, 0x65, 0x75, 0x64, 0x6f, 0x5f, 0x71, 0x63, 0x6f, 0x6e, 0x73,

  0x74, 0x36, 0x00, 0x00, 0x01, 0x00, 0x00, 0x00, 0x0c, 0x00, 0x00, 0x00,

  0xf2, 0xf6, 0xff, 0xff, 0x00, 0x00, 0x00, 0x01, 0x14, 0x00, 0x00, 0x00,

  0x48, 0x01, 0x00, 0x00, 0x08, 0x00, 0x00, 0x00, 0x00, 0x00, 0x00, 0x09,

  0x54, 0x01, 0x00, 0x00, 0x6c, 0xf6, 0xff, 0xff, 0x08, 0x00, 0x00, 0x00,

  0xcc, 0x00, 0x00, 0x00, 0x18, 0x00, 0x00, 0x00, 0x00, 0x00, 0x00, 0x00,

  0x00, 0x00, 0x00, 0x00, 0x00, 0x00, 0x00, 0x00, 0x00, 0x00, 0x00, 0x00,

  0x00, 0x00, 0x00, 0x00, 0x00, 0x00, 0x00, 0x00, 0x00, 0x00, 0x00, 0x00,

  0x00, 0x00, 0x00, 0x00, 0x00, 0x00, 0x00, 0x00, 0x00, 0x00, 0x00, 0x00,

  0x00, 0x00, 0x00, 0x00, 0x00, 0x00, 0x00, 0x00, 0x00, 0x00, 0x00, 0x00,

  0x00, 0x00, 0x00, 0x00, 0x00, 0x00, 0x00, 0x00, 0x00, 0x00, 0x00, 0x00,

  0x00, 0x00, 0x00, 0x00, 0x00, 0x00, 0x00, 0x00, 0x00, 0x00, 0x00, 0x00,

  0x00, 0x00, 0x00, 0x00, 0x00, 0x00, 0x00, 0x00, 0x00, 0x00, 0x00, 0x00,

  0x00, 0x00, 0x00, 0x00, 0x00, 0x00, 0x00, 0x00, 0x00, 0x00, 0x00, 0x00,

  0x00, 0x00, 0x00, 0x00, 0x00, 0x00, 0x00, 0x00, 0x00, 0x00, 0x00, 0x00,

  0x00, 0x00, 0x00, 0x00, 0x00, 0x00, 0x00, 0x00, 0x00, 0x00, 0x00, 0x00,

  0x00, 0x00, 0x00, 0x00, 0x00, 0x00, 0x00, 0x00, 0x00, 0x00, 0x00, 0x00,

  0x00, 0x00, 0x00, 0x00, 0x00, 0x00, 0x00, 0x00, 0x00, 0x00, 0x00, 0x00,

  0x00, 0x00, 0x00, 0x00, 0x00, 0x00, 0x00, 0x00, 0x00, 0x00, 0x00, 0x00,

  0x00, 0x00, 0x00, 0x00, 0x00, 0x00, 0x00, 0x00, 0x00, 0x00, 0x00, 0x00,

  0x00, 0x00, 0x00, 0x00, 0x00, 0x00, 0x00, 0x00, 0x00, 0x00, 0x00, 0x00,

  0x00, 0x00, 0x00, 0x00, 0x00, 0x00, 0x00, 0x00, 0x00, 0x00, 0x00, 0x00,

  0x18, 0x00, 0x00, 0x00, 0xca, 0x61, 0x92, 0x3a, 0x99, 0x0c, 0x01, 0x3b,

  0x9b, 0x40, 0xbc, 0x3a, 0x26, 0x34, 0xd7, 0x3a, 0xf6, 0x92, 0xa7, 0x3a,

  0xb7, 0xa8, 0x62, 0x3b, 0xff, 0xbe, 0x40, 0x3b, 0x55, 0x25, 0x2e, 0x3b,

  0xf8, 0x61, 0x08, 0x3b, 0x69, 0xc5, 0x84, 0x3b, 0x6b, 0x44, 0x25, 0x3b,

  0xce, 0x53, 0xad, 0x3a, 0xf6, 0x4d, 0xb3, 0x3a, 0xe2, 0x3f, 0xb6, 0x3a,

  0xc4, 0x70, 0xf7, 0x3a, 0x88, 0x70, 0x26, 0x3b, 0xfb, 0x71, 0x23, 0x3b,

  0x6a, 0x02, 0x2d, 0x3b, 0x18, 0x30, 0x71, 0x3b, 0x5b, 0x43, 0xea, 0x3a,

  0x86, 0xdd, 0x35, 0x3b, 0x55, 0x7a, 0x1b, 0x3b, 0xf2, 0x15, 0x2d, 0x3b,

  0xc4, 0xb4, 0x41, 0x3b, 0x12, 0x00, 0x00, 0x00, 0x74, 0x66, 0x6c, 0x2e,

  0x70, 0x73, 0x65, 0x75, 0x64, 0x6f, 0x5f, 0x71, 0x63, 0x6f, 0x6e, 0x73,

  0x74, 0x35, 0x00, 0x00, 0x04, 0x00, 0x00, 0x00, 0x18, 0x00, 0x00, 0x00,

  0x03, 0x00, 0x00, 0x00, 0x03, 0x00, 0x00, 0x00, 0x0c, 0x00, 0x00, 0x00,

  0x72, 0xf8, 0xff, 0xff, 0x00, 0x00, 0x00, 0x01, 0x14, 0x00, 0x00, 0x00,

  0x44, 0x01, 0x00, 0x00, 0x07, 0x00, 0x00, 0x00, 0x00, 0x00, 0x00, 0x02,

  0x50, 0x01, 0x00, 0x00, 0xec, 0xf7, 0xff, 0xff, 0x08, 0x00, 0x00, 0x00,

  0xc8, 0x00, 0x00, 0x00, 0x18, 0x00, 0x00, 0x00, 0x00, 0x00, 0x00, 0x00,

  0x00, 0x00, 0x00, 0x00, 0x00, 0x00, 0x00, 0x00, 0x00, 0x00, 0x00, 0x00,

  0x00, 0x00, 0x00, 0x00, 0x00, 0x00, 0x00, 0x00, 0x00, 0x00, 0x00, 0x00,

  0x00, 0x00, 0x00, 0x00, 0x00, 0x00, 0x00, 0x00, 0x00, 0x00, 0x00, 0x00,

  0x00, 0x00, 0x00, 0x00, 0x00, 0x00, 0x00, 0x00, 0x00, 0x00, 0x00, 0x00,

  0x00, 0x00, 0x00, 0x00, 0x00, 0x00, 0x00, 0x00, 0x00, 0x00, 0x00, 0x00,

  0x00, 0x00, 0x00, 0x00, 0x00, 0x00, 0x00, 0x00, 0x00, 0x00, 0x00, 0x00,

  0x00, 0x00, 0x00, 0x00, 0x00, 0x00, 0x00, 0x00, 0x00, 0x00, 0x00, 0x00,

  0x00, 0x00, 0x00, 0x00, 0x00, 0x00, 0x00, 0x00, 0x00, 0x00, 0x00, 0x00,

  0x00, 0x00, 0x00, 0x00, 0x00, 0x00, 0x00, 0x00, 0x00, 0x00, 0x00, 0x00,

  0x00, 0x00, 0x00, 0x00, 0x00, 0x00, 0x00, 0x00, 0x00, 0x00, 0x00, 0x00,

  0x00, 0x00, 0x00, 0x00, 0x00, 0x00, 0x00, 0x00, 0x00, 0x00, 0x00, 0x00,

  0x00, 0x00, 0x00, 0x00, 0x00, 0x00, 0x00, 0x00, 0x00, 0x00, 0x00, 0x00,

  0x00, 0x00, 0x00, 0x00, 0x00, 0x00, 0x00, 0x00, 0x00, 0x00, 0x00, 0x00,

  0x00, 0x00, 0x00, 0x00, 0x00, 0x00, 0x00, 0x00, 0x00, 0x00, 0x00, 0x00,

  0x00, 0x00, 0x00, 0x00, 0x00, 0x00, 0x00, 0x00, 0x00, 0x00, 0x00, 0x00,

  0x00, 0x00, 0x00, 0x00, 0x00, 0x00, 0x00, 0x00, 0x18, 0x00, 0x00, 0x00,

  0xb2, 0xb0, 0xc4, 0x37, 0x8b, 0x66, 0x2d, 0x38, 0x55, 0xf3, 0xfc, 0x37,

  0x0c, 0x95, 0x10, 0x38, 0x61, 0x2a, 0xe1, 0x37, 0x42, 0x47, 0x98, 0x38,

  0x8b, 0x7e, 0x81, 0x38, 0xf2, 0xfe, 0x69, 0x38, 0x20, 0x41, 0x37, 0x38,

  0xd1, 0x66, 0xb2, 0x38, 0xe1, 0x10, 0x5e, 0x38, 0x68, 0xe5, 0xe8, 0x37,

  0x72, 0xed, 0xf0, 0x37, 0x79, 0xe2, 0xf4, 0x37, 0x7a, 0x3d, 0x26, 0x38,

  0x23, 0xa4, 0x5f, 0x38, 0x23, 0x9e, 0x5b, 0x38, 0x0b, 0x78, 0x68, 0x38,

  0x15, 0x0a, 0xa2, 0x38, 0x17, 0x63, 0x1d, 0x38, 0x4f, 0x5e, 0x74, 0x38,

  0x82, 0xe9, 0x50, 0x38, 0x4a, 0x92, 0x68, 0x38, 0xa9, 0x23, 0x82, 0x38,

  0x12, 0x00, 0x00, 0x00, 0x74, 0x66, 0x6c, 0x2e, 0x70, 0x73, 0x65, 0x75,

  0x64, 0x6f, 0x5f, 0x71, 0x63, 0x6f, 0x6e, 0x73, 0x74, 0x34, 0x00, 0x00,

  0x01, 0x00, 0x00, 0x00, 0x18, 0x00, 0x00, 0x00, 0xe2, 0xf9, 0xff, 0xff,

  0x00, 0x00, 0x00, 0x01, 0x14, 0x00, 0x00, 0x00, 0x68, 0x02, 0x00, 0x00,

  0x06, 0x00, 0x00, 0x00, 0x00, 0x00, 0x00, 0x09, 0x74, 0x02, 0x00, 0x00,

  0x5c, 0xf9, 0xff, 0xff, 0x08, 0x00, 0x00, 0x00, 0x8c, 0x01, 0x00, 0x00,

  0x30, 0x00, 0x00, 0x00, 0x00, 0x00, 0x00, 0x00, 0x00, 0x00, 0x00, 0x00,

  0x00, 0x00, 0x00, 0x00, 0x00, 0x00, 0x00, 0x00, 0x00, 0x00, 0x00, 0x00,

  0x00, 0x00, 0x00, 0x00, 0x00, 0x00, 0x00, 0x00, 0x00, 0x00, 0x00, 0x00,

  0x00, 0x00, 0x00, 0x00, 0x00, 0x00, 0x00, 0x00, 0x00, 0x00, 0x00, 0x00,

  0x00, 0x00, 0x00, 0x00, 0x00, 0x00, 0x00, 0x00, 0x00, 0x00, 0x00, 0x00,

  0x00, 0x00, 0x00, 0x00, 0x00, 0x00, 0x00, 0x00, 0x00, 0x00, 0x00, 0x00,

  0x00, 0x00, 0x00, 0x00, 0x00, 0x00, 0x00, 0x00, 0x00, 0x00, 0x00, 0x00,

  0x00, 0x00, 0x00, 0x00, 0x00, 0x00, 0x00, 0x00, 0x00, 0x00, 0x00, 0x00,

  0x00, 0x00, 0x00, 0x00, 0x00, 0x00, 0x00, 0x00, 0x00, 0x00, 0x00, 0x00,

  0x00, 0x00, 0x00, 0x00, 0x00, 0x00, 0x00, 0x00, 0x00, 0x00, 0x00, 0x00,

  0x00, 0x00, 0x00, 0x00, 0x00, 0x00, 0x00, 0x00, 0x00, 0x00, 0x00, 0x00,

  0x00, 0x00, 0x00, 0x00, 0x00, 0x00, 0x00, 0x00, 0x00, 0x00, 0x00, 0x00,

  0x00, 0x00, 0x00, 0x00, 0x00, 0x00, 0x00, 0x00, 0x00, 0x00, 0x00, 0x00,

  0x00, 0x00, 0x00, 0x00, 0x00, 0x00, 0x00, 0x00, 0x00, 0x00, 0x00, 0x00,

  0x00, 0x00, 0x00, 0x00, 0x00, 0x00, 0x00, 0x00, 0x00, 0x00, 0x00, 0x00,

  0x00, 0x00, 0x00, 0x00, 0x00, 0x00, 0x00, 0x00, 0x00, 0x00, 0x00, 0x00,

  0x00, 0x00, 0x00, 0x00, 0x00, 0x00, 0x00, 0x00, 0x00, 0x00, 0x00, 0x00,

  0x00, 0x00, 0x00, 0x00, 0x00, 0x00, 0x00, 0x00, 0x00, 0x00, 0x00, 0x00,

  0x00, 0x00, 0x00, 0x00, 0x00, 0x00, 0x00, 0x00, 0x00, 0x00, 0x00, 0x00,

  0x00, 0x00, 0x00, 0x00, 0x00, 0x00, 0x00, 0x00, 0x00, 0x00, 0x00, 0x00,

  0x00, 0x00, 0x00, 0x00, 0x00, 0x00, 0x00, 0x00, 0x00, 0x00, 0x00, 0x00,

  0x00, 0x00, 0x00, 0x00, 0x00, 0x00, 0x00, 0x00, 0x00, 0x00, 0x00, 0x00,

  0x00, 0x00, 0x00, 0x00, 0x00, 0x00, 0x00, 0x00, 0x00, 0x00, 0x00, 0x00,

  0x00, 0x00, 0x00, 0x00, 0x00, 0x00, 0x00, 0x00, 0x00, 0x00, 0x00, 0x00,

  0x00, 0x00, 0x00, 0x00, 0x00, 0x00, 0x00, 0x00, 0x00, 0x00, 0x00, 0x00,

  0x00, 0x00, 0x00, 0x00, 0x00, 0x00, 0x00, 0x00, 0x00, 0x00, 0x00, 0x00,

  0x00, 0x00, 0x00, 0x00, 0x00, 0x00, 0x00, 0x00, 0x00, 0x00, 0x00, 0x00,

  0x00, 0x00, 0x00, 0x00, 0x00, 0x00, 0x00, 0x00, 0x00, 0x00, 0x00, 0x00,

  0x00, 0x00, 0x00, 0x00, 0x00, 0x00, 0x00, 0x00, 0x00, 0x00, 0x00, 0x00,

  0x00, 0x00, 0x00, 0x00, 0x00, 0x00, 0x00, 0x00, 0x00, 0x00, 0x00, 0x00,

  0x00, 0x00, 0x00, 0x00, 0x00, 0x00, 0x00, 0x00, 0x00, 0x00, 0x00, 0x00,

  0x00, 0x00, 0x00, 0x00, 0x00, 0x00, 0x00, 0x00, 0x00, 0x00, 0x00, 0x00,

  0x00, 0x00, 0x00, 0x00, 0x00, 0x00, 0x00, 0x00, 0x30, 0x00, 0x00, 0x00,

  0xa3, 0x28, 0xfd, 0x3a, 0x17, 0x20, 0x17, 0x3b, 0xa3, 0xd6, 0xf4, 0x3a,

  0xff, 0x37, 0xef, 0x3a, 0xe5, 0xe9, 0x17, 0x3b, 0x83, 0xd2, 0x46, 0x3b,

  0x1d, 0x85, 0x11, 0x3b, 0xc8, 0x08, 0x09, 0x3b, 0x8e, 0xfe, 0xf0, 0x3a,

  0x78, 0xb5, 0xf8, 0x3a, 0xdc, 0x58, 0x56, 0x3b, 0x77, 0x07, 0xb7, 0x3a,

  0x96, 0xb0, 0x03, 0x3b, 0x93, 0xf5, 0x00, 0x3b, 0xfd, 0x12, 0x20, 0x3b,

  0x1e, 0x83, 0x2f, 0x3b, 0xd8, 0x76, 0x3b, 0x3b, 0x41, 0x28, 0x0b, 0x3b,

  0x6c, 0xbb, 0x4a, 0x3b, 0xe8, 0x2f, 0x38, 0x3b, 0x18, 0x90, 0xf4, 0x3a,

  0x46, 0x34, 0x30, 0x3b, 0xe8, 0x7e, 0x2a, 0x3b, 0x89, 0x71, 0xdc, 0x3a,

  0x65, 0xa8, 0x1b, 0x3b, 0x22, 0xd4, 0x16, 0x3b, 0x53, 0xbe, 0x37, 0x3b,

  0xc3, 0xf1, 0x16, 0x3b, 0xb5, 0x4a, 0x40, 0x3b, 0x54, 0x73, 0x42, 0x3b,

  0xe7, 0xfb, 0xfb, 0x3a, 0xfb, 0x53, 0x17, 0x3b, 0xf5, 0xca, 0x1b, 0x3b,

  0xd7, 0xf8, 0x2e, 0x3b, 0xff, 0x78, 0x1f, 0x3b, 0xff, 0x35, 0x1d, 0x3b,

  0x7f, 0x15, 0x16, 0x3b, 0x66, 0x0c, 0x32, 0x3b, 0xfd, 0xd4, 0x05, 0x3b,

  0xbe, 0x01, 0x54, 0x3b, 0xd1, 0x7a, 0x3b, 0x3b, 0x81, 0x0d, 0x18, 0x3b,

  0x4f, 0xe5, 0x81, 0x3b, 0x22, 0x2f, 0x47, 0x3b, 0x42, 0x50, 0x38, 0x3b,

  0x7e, 0x97, 0x48, 0x3b, 0x0b, 0x8b, 0x07, 0x3b, 0x20, 0x23, 0x16, 0x3b,

  0x12, 0x00, 0x00, 0x00, 0x74, 0x66, 0x6c, 0x2e, 0x70, 0x73, 0x65, 0x75,

  0x64, 0x6f, 0x5f, 0x71, 0x63, 0x6f, 0x6e, 0x73, 0x74, 0x33, 0x00, 0x00,

  0x04, 0x00, 0x00, 0x00, 0x30, 0x00, 0x00, 0x00, 0x03, 0x00, 0x00, 0x00,

  0x03, 0x00, 0x00, 0x00, 0x18, 0x00, 0x00, 0x00, 0x82, 0xfc, 0xff, 0xff,

  0x00, 0x00, 0x00, 0x01, 0x14, 0x00, 0x00, 0x00, 0x64, 0x02, 0x00, 0x00,

  0x05, 0x00, 0x00, 0x00, 0x00, 0x00, 0x00, 0x02, 0x70, 0x02, 0x00, 0x00,

  0xfc, 0xfb, 0xff, 0xff, 0x08, 0x00, 0x00, 0x00, 0x88, 0x01, 0x00, 0x00,

  0x30, 0x00, 0x00, 0x00, 0x00, 0x00, 0x00, 0x00, 0x00, 0x00, 0x00, 0x00,

  0x00, 0x00, 0x00, 0x00, 0x00, 0x00, 0x00, 0x00, 0x00, 0x00, 0x00, 0x00,

  0x00, 0x00, 0x00, 0x00, 0x00, 0x00, 0x00, 0x00, 0x00, 0x00, 0x00, 0x00,

  0x00, 0x00, 0x00, 0x00, 0x00, 0x00, 0x00, 0x00, 0x00, 0x00, 0x00, 0x00,

  0x00, 0x00, 0x00, 0x00, 0x00, 0x00, 0x00, 0x00, 0x00, 0x00, 0x00, 0x00,

  0x00, 0x00, 0x00, 0x00, 0x00, 0x00, 0x00, 0x00, 0x00, 0x00, 0x00, 0x00,

  0x00, 0x00, 0x00, 0x00, 0x00, 0x00, 0x00, 0x00, 0x00, 0x00, 0x00, 0x00,

  0x00, 0x00, 0x00, 0x00, 0x00, 0x00, 0x00, 0x00, 0x00, 0x00, 0x00, 0x00,

  0x00, 0x00, 0x00, 0x00, 0x00, 0x00, 0x00, 0x00, 0x00, 0x00, 0x00, 0x00,

  0x00, 0x00, 0x00, 0x00, 0x00, 0x00, 0x00, 0x00, 0x00, 0x00, 0x00, 0x00,

  0x00, 0x00, 0x00, 0x00, 0x00, 0x00, 0x00, 0x00, 0x00, 0x00, 0x00, 0x00,

  0x00, 0x00, 0x00, 0x00, 0x00, 0x00, 0x00, 0x00, 0x00, 0x00, 0x00, 0x00,

  0x00, 0x00, 0x00, 0x00, 0x00, 0x00, 0x00, 0x00, 0x00, 0x00, 0x00, 0x00,

  0x00, 0x00, 0x00, 0x00, 0x00, 0x00, 0x00, 0x00, 0x00, 0x00, 0x00, 0x00,

  0x00, 0x00, 0x00, 0x00, 0x00, 0x00, 0x00, 0x00, 0x00, 0x00, 0x00, 0x00,

  0x00, 0x00, 0x00, 0x00, 0x00, 0x00, 0x00, 0x00, 0x00, 0x00, 0x00, 0x00,

  0x00, 0x00, 0x00, 0x00, 0x00, 0x00, 0x00, 0x00, 0x00, 0x00, 0x00, 0x00,

  0x00, 0x00, 0x00, 0x00, 0x00, 0x00, 0x00, 0x00, 0x00, 0x00, 0x00, 0x00,

  0x00, 0x00, 0x00, 0x00, 0x00, 0x00, 0x00, 0x00, 0x00, 0x00, 0x00, 0x00,

  0x00, 0x00, 0x00, 0x00, 0x00, 0x00, 0x00, 0x00, 0x00, 0x00, 0x00, 0x00,

  0x00, 0x00, 0x00, 0x00, 0x00, 0x00, 0x00, 0x00, 0x00, 0x00, 0x00, 0x00,

  0x00, 0x00, 0x00, 0x00, 0x00, 0x00, 0x00, 0x00, 0x00, 0x00, 0x00, 0x00,

  0x00, 0x00, 0x00, 0x00, 0x00, 0x00, 0x00, 0x00, 0x00, 0x00, 0x00, 0x00,

  0x00, 0x00, 0x00, 0x00, 0x00, 0x00, 0x00, 0x00, 0x00, 0x00, 0x00, 0x00,

  0x00, 0x00, 0x00, 0x00, 0x00, 0x00, 0x00, 0x00, 0x00, 0x00, 0x00, 0x00,

  0x00, 0x00, 0x00, 0x00, 0x00, 0x00, 0x00, 0x00, 0x00, 0x00, 0x00, 0x00,

  0x00, 0x00, 0x00, 0x00, 0x00, 0x00, 0x00, 0x00, 0x00, 0x00, 0x00, 0x00,

  0x00, 0x00, 0x00, 0x00, 0x00, 0x00, 0x00, 0x00, 0x00, 0x00, 0x00, 0x00,

  0x00, 0x00, 0x00, 0x00, 0x00, 0x00, 0x00, 0x00, 0x00, 0x00, 0x00, 0x00,

  0x00, 0x00, 0x00, 0x00, 0x00, 0x00, 0x00, 0x00, 0x00, 0x00, 0x00, 0x00,

  0x00, 0x00, 0x00, 0x00, 0x00, 0x00, 0x00, 0x00, 0x00, 0x00, 0x00, 0x00,

  0x00, 0x00, 0x00, 0x00, 0x00, 0x00, 0x00, 0x00, 0x00, 0x00, 0x00, 0x00,

  0x00, 0x00, 0x00, 0x00, 0x30, 0x00, 0x00, 0x00, 0x31, 0xfa, 0x0e, 0x38,

  0x02, 0xb4, 0x2a, 0x38, 0x3a, 0x47, 0x0a, 0x38, 0xb8, 0x1a, 0x07, 0x38,

  0xf4, 0x97, 0x2b, 0x38, 0x40, 0x94, 0x60, 0x38, 0x22, 0x5f, 0x24, 0x38,

  0x62, 0xc9, 0x1a, 0x38, 0x71, 0x1b, 0x08, 0x38, 0xd2, 0x76, 0x0c, 0x38,

  0x76, 0x1d, 0x72, 0x38, 0x70, 0xbd, 0xce, 0x37, 0xf1, 0xbf, 0x14, 0x38,

  0x60, 0xaa, 0x11, 0x38, 0xaf, 0xcf, 0x34, 0x38, 0xcc, 0x3f, 0x46, 0x38,

  0xe7, 0xbf, 0x53, 0x38, 0x43, 0x2f, 0x1d, 0x38, 0xd3, 0xfe, 0x64, 0x38,

  0x48, 0x0c, 0x50, 0x38, 0x63, 0x1f, 0x0a, 0x38, 0xe7, 0x07, 0x47, 0x38,

  0x39, 0x95, 0x40, 0x38, 0x51, 0x00, 0xf9, 0x37, 0xa0, 0xd2, 0x2f, 0x38,

  0x36, 0x5e, 0x2a, 0x38, 0xfd, 0x8b, 0x4f, 0x38, 0xad, 0x7f, 0x2a, 0x38,

  0xde, 0x33, 0x59, 0x38, 0x14, 0xa4, 0x5b, 0x38, 0x59, 0x50, 0x0e, 0x38,

  0x9f, 0xee, 0x2a, 0x38, 0xaa, 0xf9, 0x2f, 0x38, 0x9b, 0xa3, 0x45, 0x38,

  0xbe, 0x21, 0x34, 0x38, 0xbc, 0x93, 0x31, 0x38, 0xe0, 0x86, 0x29, 0x38,

  0x31, 0x1d, 0x49, 0x38, 0x63, 0x2b, 0x17, 0x38, 0xbb, 0x78, 0x6f, 0x38,

  0x64, 0xc4, 0x53, 0x38, 0x2d, 0xc0, 0x2b, 0x38, 0x2b, 0xb9, 0x92, 0x38,

  0xde, 0xfc, 0x60, 0x38, 0xd3, 0x30, 0x50, 0x38, 0xe9, 0x93, 0x62, 0x38,

  0x31, 0x1a, 0x19, 0x38, 0x45, 0x96, 0x29, 0x38, 0x12, 0x00, 0x00, 0x00,

  0x74, 0x66, 0x6c, 0x2e, 0x70, 0x73, 0x65, 0x75, 0x64, 0x6f, 0x5f, 0x71,

  0x63, 0x6f, 0x6e, 0x73, 0x74, 0x32, 0x00, 0x00, 0x01, 0x00, 0x00, 0x00,

  0x30, 0x00, 0x00, 0x00, 0x12, 0xff, 0xff, 0xff, 0x00, 0x00, 0x00, 0x01,

  0x14, 0x00, 0x00, 0x00, 0x48, 0x00, 0x00, 0x00, 0x04, 0x00, 0x00, 0x00,

  0x00, 0x00, 0x00, 0x09, 0x54, 0x00, 0x00, 0x00, 0x8c, 0xfe, 0xff, 0xff,

  0x08, 0x00, 0x00, 0x00, 0x20, 0x00, 0x00, 0x00, 0x03, 0x00, 0x00, 0x00,

  0x00, 0x00, 0x00, 0x00, 0x00, 0x00, 0x00, 0x00, 0x00, 0x00, 0x00, 0x00,

  0x00, 0x00, 0x00, 0x00, 0x00, 0x00, 0x00, 0x00, 0x00, 0x00, 0x00, 0x00,

  0x03, 0x00, 0x00, 0x00, 0x9c, 0xb8, 0x61, 0x3b, 0x94, 0xeb, 0x66, 0x3b,

  0xbc, 0x90, 0x5a, 0x3b, 0x12, 0x00, 0x00, 0x00, 0x74, 0x66, 0x6c, 0x2e,

  0x70, 0x73, 0x65, 0x75, 0x64, 0x6f, 0x5f, 0x71, 0x63, 0x6f, 0x6e, 0x73,

  0x74, 0x31, 0x00, 0x00, 0x02, 0x00, 0x00, 0x00, 0x03, 0x00, 0x00, 0x00,

  0x30, 0x00, 0x00, 0x00, 0x8a, 0xff, 0xff, 0xff, 0x00, 0x00, 0x00, 0x01,

  0x14, 0x00, 0x00, 0x00, 0x48, 0x00, 0x00, 0x00, 0x03, 0x00, 0x00, 0x00,

  0x00, 0x00, 0x00, 0x02, 0x54, 0x00, 0x00, 0x00, 0x04, 0xff, 0xff, 0xff,

  0x08, 0x00, 0x00, 0x00, 0x20, 0x00, 0x00, 0x00, 0x03, 0x00, 0x00, 0x00,

  0x00, 0x00, 0x00, 0x00, 0x00, 0x00, 0x00, 0x00, 0x00, 0x00, 0x00, 0x00,

  0x00, 0x00, 0x00, 0x00, 0x00, 0x00, 0x00, 0x00, 0x00, 0x00, 0x00, 0x00,

  0x03, 0x00, 0x00, 0x00, 0xd8, 0x49, 0xcd, 0x37, 0x54, 0x04, 0xd2, 0x37,

  0xcb, 0xc7, 0xc6, 0x37, 0x11, 0x00, 0x00, 0x00, 0x74, 0x66, 0x6c, 0x2e,

  0x70, 0x73, 0x65, 0x75, 0x64, 0x6f, 0x5f, 0x71, 0x63, 0x6f, 0x6e, 0x73,

  0x74, 0x00, 0x00, 0x00, 0x01, 0x00, 0x00, 0x00, 0x03, 0x00, 0x00, 0x00,

  0x00, 0x00, 0x16, 0x00, 0x1c, 0x00, 0x18, 0x00, 0x17, 0x00, 0x10, 0x00,

  0x0c, 0x00, 0x08, 0x00, 0x00, 0x00, 0x00, 0x00, 0x00, 0x00, 0x07, 0x00,

  0x16, 0x00, 0x00, 0x00, 0x00, 0x00, 0x00, 0x01, 0x18, 0x00, 0x00, 0x00,

  0x18, 0x00, 0x00, 0x00, 0x02, 0x00, 0x00, 0x00, 0x00, 0x00, 0x00, 0x02,

  0x20, 0x00, 0x00, 0x00, 0x04, 0x00, 0x04, 0x00, 0x04, 0x00, 0x00, 0x00,

  0x0e, 0x00, 0x00, 0x00, 0x61, 0x72, 0x69, 0x74, 0x68, 0x2e, 0x63, 0x6f,

  0x6e, 0x73, 0x74, 0x61, 0x6e, 0x74, 0x00, 0x00, 0x01, 0x00, 0x00, 0x00,

  0x02, 0x00, 0x00, 0x00, 0x00, 0x00, 0x16, 0x00, 0x20, 0x00, 0x1c, 0x00,

  0x1b, 0x00, 0x14, 0x00, 0x10, 0x00, 0x0c, 0x00, 0x00, 0x00, 0x00, 0x00,

  0x08, 0x00, 0x07, 0x00, 0x16, 0x00, 0x00, 0x00, 0x00, 0x00, 0x00, 0x01,

  0x18, 0x00, 0x00, 0x00, 0x34, 0x00, 0x00, 0x00, 0x54, 0x00, 0x00, 0x00,

  0x01, 0x00, 0x00, 0x00, 0x00, 0x00, 0x00, 0x09, 0x70, 0x00, 0x00, 0x00,

  0x04, 0x00, 0x00, 0x00, 0xff, 0xff, 0xff, 0xff, 0x30, 0x00, 0x00, 0x00,

  0x30, 0x00, 0x00, 0x00, 0x01, 0x00, 0x00, 0x00, 0x0c, 0x00, 0x0c, 0x00,

  0x00, 0x00, 0x00, 0x00, 0x08, 0x00, 0x04, 0x00, 0x0c, 0x00, 0x00, 0x00,

  0x08, 0x00, 0x00, 0x00, 0x14, 0x00, 0x00, 0x00, 0x01, 0x00, 0x00, 0x00,

  0x80, 0xff, 0xff, 0xff, 0xff, 0xff, 0xff, 0xff, 0x00, 0x00, 0x00, 0x00,

  0x01, 0x00, 0x00, 0x00, 0xec, 0xf2, 0x79, 0x3b, 0x21, 0x00, 0x00, 0x00,

  0x73, 0x65, 0x72, 0x76, 0x69, 0x6e, 0x67, 0x5f, 0x64, 0x65, 0x66, 0x61,

  0x75, 0x6c, 0x74, 0x5f, 0x6b, 0x65, 0x72, 0x61, 0x73, 0x5f, 0x74, 0x65,

  0x6e, 0x73, 0x6f, 0x72, 0x5f, 0x38, 0x34, 0x3a, 0x30, 0x00, 0x00, 0x00,

  0x04, 0x00, 0x00, 0x00, 0x01, 0x00, 0x00, 0x00, 0x30, 0x00, 0x00, 0x00,

  0x30, 0x00, 0x00, 0x00, 0x01, 0x00, 0x00, 0x00, 0x04, 0x00, 0x00, 0x00,

  0x4c, 0x00, 0x00, 0x00, 0x2c, 0x00, 0x00, 0x00, 0x18, 0x00, 0x00, 0x00,

  0x04, 0x00, 0x00, 0x00, 0xd0, 0xff, 0xff, 0xff, 0x09, 0x00, 0x00, 0x00,

  0x04, 0x00, 0x00, 0x00, 0x00, 0x00, 0x00, 0x09, 0xe0, 0xff, 0xff, 0xff,

  0x28, 0x00, 0x00, 0x00, 0x02, 0x00, 0x00, 0x00, 0x00, 0x00, 0x00, 0x28,

  0xf0, 0xff, 0xff, 0xff, 0x11, 0x00, 0x00, 0x00, 0x02, 0x00, 0x00, 0x00,

  0x00, 0x00, 0x00, 0x11, 0x0c, 0x00, 0x10, 0x00, 0x0f, 0x00, 0x00, 0x00,

  0x08, 0x00, 0x04, 0x00, 0x0c, 0x00, 0x00, 0x00, 0x03, 0x00, 0x00, 0x00,

  0x03, 0x00, 0x00, 0x00, 0x00, 0x00, 0x00, 0x03

};

const int g_model_len = 19568;